,Nom,Long,Lat
0,Karno Court-Saint-Etienne,4.566168955,50.65012445
1,Karno Court-Saint-Etienne,4.566215807,50.65020927
2,Karno Court-Saint-Etienne,4.566262659,50.6502941
3,Karno Court-Saint-Etienne,4.566309512,50.65037892
4,Karno Court-Saint-Etienne,4.566356364,50.65046374
5,Karno Court-Saint-Etienne,4.566403217,50.65054856
6,Karno Court-Saint-Etienne,4.56645007,50.65063338
7,Karno Court-Saint-Etienne,4.566496923,50.6507182
8,Karno Court-Saint-Etienne,4.566543777,50.65080302
9,Karno Court-Saint-Etienne,4.56659063,50.65088784
10,Karno Court-Saint-Etienne,4.566637484,50.65097266
11,Karno Court-Saint-Etienne,4.566684338,50.65105749
12,Karno Court-Saint-Etienne,4.566816586,50.65106755
13,Karno Court-Saint-Etienne,4.566918964,50.65110944
14,Karno Court-Saint-Etienne,4.566984311,50.65118917
15,Karno Court-Saint-Etienne,4.567049658,50.65126889
16,Karno Court-Saint-Etienne,4.567115005,50.65134862
17,Karno Court-Saint-Etienne,4.567180352,50.65142834
18,Karno Court-Saint-Etienne,4.5672457,50.65150807
19,Karno Court-Saint-Etienne,4.567273083,50.65159599
20,Karno Court-Saint-Etienne,4.567342393,50.65167379
21,Karno Court-Saint-Etienne,4.566061303,50.65014721
22,Karno Court-Saint-Etienne,4.56619434,50.65011675
23,Karno Court-Saint-Etienne,4.566327377,50.65008628
24,Karno Court-Saint-Etienne,4.56644255,50.65079842
25,Karno Court-Saint-Etienne,4.566517953,50.65076495
26,Karno Court-Saint-Etienne,4.566652164,50.65073665
27,Karno Court-Saint-Etienne,4.567029235,50.65141389
28,Karno Court-Saint-Etienne,4.567164958,50.65142052
29,Karno Court-Saint-Etienne,4.56718111,50.65159401
30,Karno Court-Saint-Etienne,4.56737114,50.65170535
31,Karno Court-Saint-Etienne,4.566887832,50.651069
32,Karno Court-Saint-Etienne,4.567029235,50.65106949
33,Karno Court-Saint-Etienne,4.567170637,50.65106998
34,Karno Court-Saint-Etienne,4.567242572,50.65102602
35,Karno Nivelles Nord,4.322654171,50.61986751
36,Karno Nivelles Nord,4.322577291,50.6197921
37,Karno Nivelles Nord,4.322459517,50.61982943
38,Karno Nivelles Nord,4.322382191,50.61975853
39,Karno Nivelles Nord,4.322306776,50.61968251
40,Karno Nivelles Nord,4.322231361,50.61960648
41,Karno Nivelles Nord,4.322155946,50.61953045
42,Karno Nivelles Nord,4.322080531,50.61945443
43,Karno Nivelles Nord,4.322005117,50.6193784
44,Karno Nivelles Nord,4.322700389,50.6198445
45,Karno Nivelles Nord,4.322623276,50.61976919
46,Karno Nivelles Nord,4.322515962,50.61978399
47,Karno Nivelles Nord,4.322423445,50.61975798
48,Karno Nivelles Nord,4.322347652,50.6196821
49,Karno Nivelles Nord,4.322271859,50.61960623
50,Karno Nivelles Nord,4.322196066,50.61953035
51,Karno Nivelles Nord,4.322120274,50.61945448
52,Karno Nivelles Nord,4.322044482,50.6193786
53,Karno Nivelles Nord,4.322756148,50.61982722
54,Karno Nivelles Nord,4.322679362,50.61975176
55,Karno Nivelles Nord,4.32275006,50.61969524
56,Karno Nivelles Nord,4.32285726,50.61964364
57,Karno Nivelles Nord,4.322785043,50.61956816
58,Karno Nivelles Nord,4.322781237,50.61947941
59,Karno Nivelles Nord,4.322798647,50.6193902
60,Karno Nivelles Nord,4.322861581,50.6193401
61,Karno Nivelles Nord,4.323002045,50.6193465
62,Karno Nivelles Nord,4.323141602,50.61933636
63,Karno Nivelles Nord,4.323256358,50.6192839
64,Karno Nivelles Nord,4.323371114,50.61923144
65,Karno Nivelles Nord,4.32348587,50.61917898
66,Karno Nivelles Nord,4.323600626,50.61912652
67,Karno Nivelles Nord,4.323715381,50.61907406
68,Karno Nivelles Nord,4.323830137,50.6190216
69,Karno Nivelles Nord,4.323944892,50.61896914
70,Karno Nivelles Nord,4.324059646,50.61891668
71,Karno Nivelles Nord,4.324174401,50.61886422
72,Karno Nivelles Nord,4.324289155,50.61881176
73,Karno Nivelles Nord,4.324403909,50.6187593
74,Karno Nivelles Nord,4.324518663,50.61870684
75,Karno Nivelles Nord,4.324633416,50.61865438
76,Karno Nivelles Nord,4.324748169,50.61860192
77,Karno Nivelles Nord,4.324862922,50.61854945
78,Karno Nivelles Nord,4.324977675,50.61849699
79,Karno Nivelles Nord,4.325092427,50.61844453
80,Karno Nivelles Nord,4.325207179,50.61839207
81,Karno Nivelles Nord,4.325321931,50.61833961
82,Karno Nivelles Nord,4.325436683,50.61828715
83,Karno Nivelles Nord,4.325551434,50.61823469
84,Karno Nivelles Nord,4.325666186,50.61818222
85,Karno Nivelles Nord,4.325779961,50.61812891
86,Karno Nivelles Nord,4.325893647,50.61807552
87,Karno Nivelles Nord,4.326007332,50.61802213
88,Karno Nivelles Nord,4.326121017,50.61796873
89,Karno Nivelles Nord,4.326234702,50.61791534
90,Karno Nivelles Nord,4.326348386,50.61786195
91,Karno Nivelles Nord,4.32646207,50.61780855
92,Karno Nivelles Nord,4.326575754,50.61775516
93,Karno Nivelles Nord,4.326689438,50.61770177
94,Karno Nivelles Nord,4.326803122,50.61764838
95,Karno Nivelles Nord,4.326916805,50.61759498
96,Karno Nivelles Nord,4.326983853,50.61751811
97,Karno Nivelles Nord,4.327039375,50.61743545
98,Karno Nivelles Nord,4.327094896,50.61735278
99,Karno Nivelles Nord,4.327150417,50.61727011
100,Karno Nivelles Nord,4.327205938,50.61718744
101,Karno Nivelles Nord,4.327261458,50.61710477
102,Karno Nivelles Nord,4.327316979,50.6170221
103,Karno Nivelles Nord,4.327372499,50.61693943
104,Karno Nivelles Nord,4.327428019,50.61685676
105,Karno Nivelles Nord,4.327483539,50.61677409
106,Karno Nivelles Nord,4.327539059,50.61669142
107,Karno Nivelles Nord,4.327594578,50.61660875
108,Karno Nivelles Nord,4.327650098,50.61652608
109,Karno Nivelles Nord,4.327705617,50.61644341
110,Karno Nivelles Nord,4.327761135,50.61636074
111,Karno Nivelles Nord,4.327816654,50.61627807
112,Karno Nivelles Nord,4.327872173,50.6161954
113,Karno Nivelles Nord,4.327927691,50.61611273
114,Karno Nivelles Nord,4.327983209,50.61603006
115,Karno Nivelles Nord,4.328030131,50.61596337
116,Karno Nivelles Nord,4.328160475,50.61599808
117,Karno Nivelles Nord,4.328290818,50.61603279
118,Karno Nivelles Nord,4.328421162,50.6160675
119,Karno Nivelles Nord,4.328554967,50.61609335
120,Karno Nivelles Nord,4.32869568,50.61610154
121,Karno Nivelles Nord,4.328836394,50.61610973
122,Karno Nivelles Nord,4.328977107,50.61611791
123,Karno Nivelles Nord,4.329091815,50.61616138
124,Karno Nivelles Nord,4.329191677,50.61622498
125,Karno Nivelles Nord,4.327651161,50.61652896
126,Karno Nivelles Nord,4.327782183,50.61656262
127,Karno Nivelles Nord,4.327913204,50.61659628
128,Karno Nivelles Nord,4.328044226,50.61662995
129,Karno Nivelles Nord,4.328175248,50.61666361
130,Karno Nivelles Nord,4.32830627,50.61669727
131,Karno Nivelles Nord,4.328437293,50.61673093
132,Karno Nivelles Nord,4.328568315,50.6167646
133,Karno Nivelles Nord,4.322890575,50.61997891
134,Karno Nivelles Nord,4.322972641,50.62005209
135,Karno Nivelles Nord,4.323054707,50.62012528
136,Karno Nivelles Nord,4.323136774,50.62019847
137,Karno Nivelles Nord,4.32321884,50.62027165
138,Karno Nivelles Nord,4.323300907,50.62034484
139,Karno Nivelles Nord,4.323382975,50.62041803
140,Karno Nivelles Nord,4.323465042,50.62049121
141,Karno Nivelles Nord,4.32354711,50.6205644
142,Karno Nivelles Nord,4.323397331,50.62043291
143,Karno Nivelles Nord,4.323284848,50.62048733
144,Karno Nivelles Nord,4.323172364,50.62054175
145,Karno Nivelles Nord,4.32305988,50.62059617
146,Karno Nivelles Nord,4.322947396,50.62065058
147,Karno Nivelles Nord,4.322834912,50.620705
148,Karno Nivelles Nord,4.322722428,50.62075942
149,Karno Nivelles Nord,4.322609943,50.62081384
150,Karno Nivelles Nord,4.322497458,50.62086825
151,Karno Nivelles Nord,4.322384973,50.62092267
152,Karno Nivelles Nord,4.322272487,50.62097709
153,Karno Nivelles Nord,4.322160001,50.62103151
154,Karno Nivelles Nord,4.322047515,50.62108592
155,Karno Nivelles Nord,4.321972591,50.62116167
156,Karno Nivelles Nord,4.321900316,50.62123892
157,Karno Nivelles Nord,4.32182804,50.62131617
158,Karno Nivelles Nord,4.321755764,50.62139343
159,Karno Nivelles Nord,4.321683487,50.62147068
160,Karno Nivelles Nord,4.32278453,50.61997133
161,Karno Nivelles Nord,4.322863278,50.62004598
162,Karno Nivelles Nord,4.322942025,50.62012062
163,Karno Nivelles Nord,4.323020773,50.62019527
164,Karno Nivelles Nord,4.32309952,50.62026992
165,Karno Nivelles Nord,4.323178268,50.62034457
166,Karno Nivelles Nord,4.323257017,50.62041921
167,Karno Nivelles Nord,4.323184116,50.62047903
168,Karno Nivelles Nord,4.323073759,50.62053518
169,Karno Nivelles Nord,4.322963402,50.62059133
170,Karno Nivelles Nord,4.322853045,50.62064749
171,Karno Nivelles Nord,4.322742687,50.62070364
172,Karno Nivelles Nord,4.32263233,50.62075979
173,Karno Nivelles Nord,4.322521971,50.62081594
174,Karno Nivelles Nord,4.322411613,50.62087209
175,Karno Nivelles Nord,4.322301254,50.62092825
176,Karno Nivelles Nord,4.322190895,50.6209844
177,Karno Nivelles Nord,4.322080536,50.62104055
178,Karno Nivelles Nord,4.321990748,50.6211084
179,Karno Nivelles Nord,4.321915379,50.62118444
180,Karno Nivelles Nord,4.32184001,50.62126049
181,Karno Nivelles Nord,4.321764641,50.62133654
182,Karno Nivelles Nord,4.321689271,50.62141258
183,Karno Nivelles Nord,4.321613901,50.62148863
184,Karno Nivelles Est,4.356181126,50.58716811
185,Karno Nivelles Est,4.356146303,50.58708098
186,Karno Nivelles Est,4.35611148,50.58699386
187,Karno Nivelles Est,4.356076657,50.58690673
188,Karno Nivelles Est,4.356041834,50.58681961
189,Karno Nivelles Est,4.356007011,50.58673248
190,Karno Nivelles Est,4.355972188,50.58664536
191,Karno Nivelles Est,4.355937366,50.58655824
192,Karno Nivelles Est,4.355902543,50.58647111
193,Karno Nivelles Est,4.355867721,50.58638399
194,Karno Nivelles Est,4.355832899,50.58629686
195,Karno Nivelles Est,4.355798077,50.58620974
196,Karno Nivelles Est,4.355763255,50.58612261
197,Karno Nivelles Est,4.355728433,50.58603549
198,Karno Nivelles Est,4.355693611,50.58594836
199,Karno Nivelles Est,4.35565879,50.58586124
200,Karno Nivelles Est,4.355623968,50.58577412
201,Karno Nivelles Est,4.355589147,50.58568699
202,Karno Nivelles Est,4.355554326,50.58559987
203,Karno Nivelles Est,4.355519505,50.58551274
204,Karno Nivelles Est,4.355484684,50.58542562
205,Karno Nivelles Est,4.355449863,50.58533849
206,Karno Nivelles Est,4.355415042,50.58525137
207,Karno Nivelles Est,4.355380222,50.58516424
208,Karno Nivelles Est,4.355345401,50.58507712
209,Karno Nivelles Est,4.355310581,50.58499
210,Karno Nivelles Est,4.355275761,50.58490287
211,Karno Nivelles Est,4.356181126,50.58716811
212,Karno Nivelles Est,4.356320291,50.58715285
213,Karno Nivelles Est,4.356459455,50.58713758
214,Karno Nivelles Est,4.356598619,50.58712232
215,Karno Nivelles Est,4.356181121,50.58718945
216,Karno Nivelles Est,4.356215469,50.58727665
217,Karno Nivelles Est,4.356249818,50.58736385
218,Karno Nivelles Est,4.356284166,50.58745105
219,Karno Nivelles Est,4.356318515,50.58753825
220,Karno Nivelles Est,4.356352863,50.58762545
221,Karno Nivelles Est,4.356387212,50.58771265
222,Karno Nivelles Est,4.356421561,50.58779986
223,Karno Nivelles Est,4.35645591,50.58788706
224,Karno Nivelles Est,4.35649026,50.58797426
225,Karno Nivelles Est,4.356524609,50.58806146
226,Karno Nivelles Est,4.356558958,50.58814866
227,Karno Nivelles Est,4.356593308,50.58823586
228,Karno Nivelles Est,4.356627658,50.58832306
229,Karno Nivelles Est,4.356662008,50.58841026
230,Karno Nivelles Est,4.356696357,50.58849746
231,Karno Nivelles Est,4.356730708,50.58858466
232,Karno Nivelles Est,4.356765058,50.58867186
233,Karno Nivelles Est,4.356799408,50.58875906
234,Karno Nivelles Est,4.356833759,50.58884626
235,Karno Nivelles Est,4.356868109,50.58893346
236,Karno Nivelles Est,4.35690246,50.58902066
237,Karno Nivelles Est,4.356936811,50.58910786
238,Karno Nivelles Est,4.356971162,50.58919506
239,Karno Nivelles Est,4.357005513,50.58928226
240,Karno Nivelles Est,4.357039864,50.58936947
241,Karno Nivelles Est,4.357074216,50.58945667
242,Karno Nivelles Est,4.357108567,50.58954387
243,Karno Nivelles Est,4.357142919,50.58963107
244,Karno Nivelles Est,4.357177271,50.58971827
245,Karno Nivelles Est,4.357211622,50.58980547
246,Karno Nivelles Est,4.357245974,50.58989267
247,Karno Nivelles Est,4.357280327,50.58997987
248,Karno Nivelles Est,4.357343748,50.59002567
249,Karno Nivelles Est,4.357468728,50.58998381
250,Karno Nivelles Est,4.357593707,50.58994195
251,Karno Nivelles Est,4.357718686,50.58990009
252,Karno Nivelles Est,4.357843665,50.58985823
253,Karno Nivelles Est,4.357968644,50.58981637
254,Karno Nivelles Est,4.358093622,50.58977451
255,Karno Nivelles Est,4.3582186,50.58973265
256,Karno Nivelles Est,4.358343578,50.58969079
257,Karno Nivelles Est,4.358468556,50.58964893
258,Karno Nivelles Est,4.358593534,50.58960707
259,Karno Nivelles Est,4.358718511,50.58956521
260,Karno Nivelles Est,4.358843488,50.58952335
261,Karno Nivelles Est,4.358968465,50.58948149
262,Karno Nivelles Est,4.359093442,50.58943963
263,Karno Nivelles Est,4.359218418,50.58939777
264,Karno Nivelles Est,4.359343394,50.5893559
265,Karno Nivelles Est,4.35946837,50.58931404
266,Karno Nivelles Est,4.359593346,50.58927218
267,Karno Nivelles Est,4.359718322,50.58923032
268,Karno Nivelles Est,4.359843297,50.58918846
269,Karno Nivelles Est,4.359968272,50.58914659
270,Karno Nivelles Est,4.360093247,50.58910473
271,Karno Nivelles Est,4.360218222,50.58906287
272,Karno Nivelles Est,4.360343196,50.58902101
273,Karno Nivelles Est,4.36046817,50.58897914
274,Karno Nivelles Est,4.360593144,50.58893728
275,Karno Nivelles Est,4.360718118,50.58889542
276,Karno Nivelles Est,4.360843092,50.58885356
277,Karno Nivelles Est,4.360968065,50.58881169
278,Karno Nivelles Est,4.361093038,50.58876983
279,Karno Nivelles Est,4.361218011,50.58872797
280,Karno Nivelles Est,4.361342984,50.5886861
281,Karno Nivelles Est,4.361467956,50.58864424
282,Karno Nivelles Est,4.361592929,50.58860237
283,Karno Nivelles Est,4.361717901,50.58856051
284,Karno Nivelles Est,4.361842872,50.58851865
285,Karno Nivelles Est,4.361967844,50.58847678
286,Karno Nivelles Est,4.362092815,50.58843492
287,Karno Nivelles Est,4.362217786,50.58839305
288,Karno Nivelles Est,4.362342757,50.58835119
289,Karno Nivelles Est,4.362467728,50.58830932
290,Karno Nivelles Est,4.362592699,50.58826746
291,Karno Nivelles Est,4.362717669,50.58822559
292,Karno Nivelles Est,4.362842639,50.58818373
293,Karno Nivelles Est,4.362967609,50.58814186
294,Karno Nivelles Est,4.363092578,50.5881
295,Karno Nivelles Est,4.363217548,50.58805813
296,Karno Nivelles Est,4.363342517,50.58801627
297,Karno Nivelles Est,4.363467486,50.5879744
298,Karno Nivelles Est,4.363592454,50.58793253
299,Karno Nivelles Est,4.363717423,50.58789067
300,Karno Nivelles Est,4.363842391,50.5878488
301,Karno Nivelles Est,4.363967359,50.58780693
302,Karno Nivelles Est,4.355343165,50.58628221
303,Karno Nivelles Est,4.355481241,50.58626336
304,Karno Nivelles Est,4.355619316,50.58624452
305,Karno Nivelles Est,4.35575739,50.58622568
306,Karno Nivelles Est,4.355091942,50.58543906
307,Karno Nivelles Est,4.355229316,50.58541825
308,Karno Nivelles Est,4.35536669,50.58539744
309,Karno Nivelles Est,4.355250043,50.58485832
310,Karno Nivelles Est,4.355386238,50.58483458
311,Karno Nivelles Est,4.355522432,50.58481084
312,Karno Nivelles Est,4.364022547,50.58777881
313,Karno Nivelles Est,4.363948759,50.58770216
314,Karno Nivelles Est,4.363874972,50.58762551
315,Karno Nivelles Est,4.363801186,50.58754885
316,Karno Nivelles Est,4.363727399,50.5874722
317,Karno Nivelles Est,4.356376116,50.58757683
318,Karno Nivelles Est,4.35651238,50.58755324
319,Karno Nivelles Est,4.356648643,50.58752964
320,Karno Nivelles Est,4.356784907,50.58750604
321,Karno Nivelles Est,4.35692117,50.58748244
322,Karno Nivelles Est,4.357057433,50.58745885
323,Karno Nivelles Est,4.357193696,50.58743525
324,Karno Nivelles Est,4.357329959,50.58741165
325,Karno Nivelles Est,4.357466222,50.58738805
326,Karno Nivelles Est,4.357602484,50.58736445
327,Karno Nivelles Est,4.357738747,50.58734086
328,Karno Nivelles Est,4.357875009,50.58731726
329,Karno Nivelles Est,4.358011271,50.58729366
330,Karno Nivelles Est,4.358147533,50.58727006
331,Karno Nivelles Est,4.358283795,50.58724646
332,Karno Nivelles Est,4.358420057,50.58722286
333,Karno Nivelles Est,4.358556318,50.58719926
334,Karno Nivelles Est,4.35869258,50.58717566
335,Karno Nivelles Est,4.358828841,50.58715206
336,Karno Nivelles Est,4.358965102,50.58712846
337,Karno Nivelles Est,4.359101363,50.58710486
338,Karno Nivelles Est,4.359237624,50.58708126
339,Karno Nivelles Est,4.359318007,50.58703783
340,Karno Nivelles Est,4.359277905,50.58695163
341,Karno Nivelles Est,4.359237805,50.58686543
342,Karno Nivelles Est,4.359197704,50.58677923
343,Karno Nivelles Est,4.359157603,50.58669303
344,Karno Nivelles Est,4.359117503,50.58660683
345,Karno Nivelles Est,4.359095545,50.58657386
346,Karno Nivelles Est,4.359225346,50.58653846
347,Karno Nivelles Est,4.359355147,50.58650306
348,Karno Fleurus,4.569044153,50.48782009
349,Karno Fleurus,4.568914732,50.48778452
350,Karno Fleurus,4.568785311,50.48774896
351,Karno Fleurus,4.56865589,50.48771339
352,Karno Fleurus,4.568526469,50.48767783
353,Karno Fleurus,4.568397049,50.48764226
354,Karno Fleurus,4.568267628,50.48760669
355,Karno Fleurus,4.568138208,50.48757112
356,Karno Fleurus,4.568003297,50.48754648
357,Karno Fleurus,4.567865591,50.4875274
358,Karno Fleurus,4.567727884,50.48750832
359,Karno Fleurus,4.567590178,50.48748924
360,Karno Fleurus,4.567452472,50.48747016
361,Karno Fleurus,4.567314766,50.48745108
362,Karno Fleurus,4.567176605,50.487434
363,Karno Fleurus,4.567036076,50.48742734
364,Karno Fleurus,4.566895546,50.48742069
365,Karno Fleurus,4.566755016,50.48741403
366,Karno Fleurus,4.566614486,50.48740738
367,Karno Fleurus,4.566473957,50.48740072
368,Karno Fleurus,4.566333427,50.48739407
369,Karno Fleurus,4.566192856,50.48738779
370,Karno Fleurus,4.566052248,50.48738185
371,Karno Fleurus,4.56591164,50.4873759
372,Karno Fleurus,4.565771033,50.48736995
373,Karno Fleurus,4.565639707,50.48739885
374,Karno Fleurus,4.565510074,50.4874341
375,Karno Fleurus,4.565380441,50.48746935
376,Karno Fleurus,4.565249464,50.48748859
377,Karno Fleurus,4.565114669,50.48746238
378,Karno Fleurus,4.564979875,50.48743617
379,Karno Fleurus,4.56484508,50.48740996
380,Karno Fleurus,4.564705793,50.4873985
381,Karno Fleurus,4.564565422,50.4873906
382,Karno Fleurus,4.564425051,50.4873827
383,Karno Fleurus,4.564285831,50.4873966
384,Karno Fleurus,4.56414661,50.48741051
385,Karno Fleurus,4.564007389,50.48742441
386,Karno Fleurus,4.5638715,50.48744727
387,Karno Fleurus,4.56373733,50.48747476
388,Karno Fleurus,4.56360316,50.48750224
389,Karno Fleurus,4.563468222,50.48752813
390,Karno Fleurus,4.563332997,50.48755342
391,Karno Fleurus,4.563197772,50.48757872
392,Karno Fleurus,4.563062547,50.48760401
393,Karno Fleurus,4.562924258,50.48761948
394,Karno Fleurus,4.562784154,50.48762912
395,Karno Fleurus,4.562644286,50.48763985
396,Karno Fleurus,4.562505347,50.48765486
397,Karno Fleurus,4.562366409,50.48766987
398,Karno Fleurus,4.56222747,50.48768489
399,Karno Fleurus,4.562088435,50.48769952
400,Karno Fleurus,4.561949213,50.48771342
401,Karno Fleurus,4.561809991,50.48772733
402,Karno Fleurus,4.561670768,50.48774123
403,Karno Fleurus,4.561529991,50.48774522
404,Karno Fleurus,4.561389212,50.4877492
405,Karno Fleurus,4.561248432,50.48775317
406,Karno Fleurus,4.56110884,50.48776532
407,Karno Fleurus,4.560969314,50.48777792
408,Karno Fleurus,4.560829787,50.48779052
409,Karno Fleurus,4.56069026,50.48780312
410,Karno Fleurus,4.56055037,50.48781348
411,Karno Fleurus,4.56040975,50.48781932
412,Karno Fleurus,4.560269874,50.48782871
413,Karno Fleurus,4.560131764,50.48784657
414,Karno Fleurus,4.559993233,50.48786292
415,Karno Fleurus,4.559853929,50.48787648
416,Karno Fleurus,4.559714625,50.48789005
417,Karno Fleurus,4.559576569,50.48790793
418,Karno Fleurus,4.559438856,50.48792699
419,Karno Fleurus,4.559301143,50.48794606
420,Karno Fleurus,4.559163177,50.48796035
421,Karno Fleurus,4.559023765,50.48794724
422,Karno Fleurus,4.558884353,50.48793413
423,Karno Fleurus,4.558744357,50.48792424
424,Karno Fleurus,4.558603938,50.48791669
425,Karno Fleurus,4.558463519,50.48790913
426,Karno Fleurus,4.558323897,50.48789737
427,Karno Fleurus,4.558184708,50.48788333
428,Karno Fleurus,4.558045518,50.48786929
429,Karno Fleurus,4.557906329,50.48785526
430,Karno Fleurus,4.55776714,50.48784122
431,Karno Fleurus,4.557627952,50.48782718
432,Karno Fleurus,4.557488763,50.48781314
433,Karno Fleurus,4.557349539,50.48779924
434,Karno Fleurus,4.557210272,50.48778552
435,Karno Fleurus,4.557071005,50.4877718
436,Karno Fleurus,4.556931739,50.48775808
437,Karno Fleurus,4.556792472,50.48774436
438,Karno Fleurus,4.556653205,50.48773064
439,Karno Fleurus,4.556513939,50.48771692
440,Karno Fleurus,4.556374672,50.4877032
441,Karno Fleurus,4.556235406,50.48768948
442,Karno Fleurus,4.55609614,50.48767576
443,Karno Fleurus,4.555956873,50.48766204
444,Karno Fleurus,4.555817607,50.48764832
445,Karno Fleurus,4.555678341,50.4876346
446,Karno Fleurus,4.555539075,50.48762087
447,Karno Fleurus,4.555399809,50.48760715
448,Karno Fleurus,4.555260544,50.48759343
449,Karno Fleurus,4.555121275,50.48757972
450,Karno Fleurus,4.554982006,50.48756601
451,Karno Fleurus,4.554842737,50.4875523
452,Karno Fleurus,4.554703468,50.4875386
453,Karno Fleurus,4.554564199,50.48752489
454,Karno Fleurus,4.55442493,50.48751118
455,Karno Fleurus,4.554285662,50.48749747
456,Karno Fleurus,4.554146393,50.48748376
457,Karno Fleurus,4.554007125,50.48747005
458,Karno Fleurus,4.553867856,50.48745634
459,Karno Fleurus,4.553728588,50.48744263
460,Karno Fleurus,4.55358932,50.48742892
461,Karno Fleurus,4.553450052,50.48741521
462,Karno Fleurus,4.553309686,50.48741621
463,Karno Fleurus,4.553169007,50.48742142
464,Karno Fleurus,4.553028327,50.48742663
465,Karno Fleurus,4.552887648,50.48743184
466,Karno Fleurus,4.552746921,50.48743606
467,Karno Fleurus,4.552606005,50.48743629
468,Karno Fleurus,4.552465089,50.48743651
469,Karno Fleurus,4.552324173,50.48743673
470,Karno Fleurus,4.552183257,50.48743696
471,Karno Fleurus,4.552042341,50.48743718
472,Karno Fleurus,4.551901425,50.4874374
473,Karno Fleurus,4.551760509,50.48743763
474,Karno Fleurus,4.551619593,50.48743785
475,Karno Fleurus,4.551478677,50.48743807
476,Karno Fleurus,4.551337761,50.48743829
477,Karno Fleurus,4.551196845,50.48743851
478,Karno Fleurus,4.551055929,50.48743873
479,Karno Fleurus,4.551015348,50.48743799
480,Karno Fleurus,4.550874589,50.48744224
481,Karno Fleurus,4.55073383,50.48744649
482,Karno Fleurus,4.550593071,50.48745074
483,Karno Fleurus,4.550452312,50.48745499
484,Karno Fleurus,4.550311553,50.48745924
485,Karno Fleurus,4.550170794,50.48746349
486,Karno Fleurus,4.550030035,50.48746774
487,Karno Fleurus,4.549889276,50.48747199
488,Karno Fleurus,4.549748517,50.48747624
489,Karno Fleurus,4.549607758,50.48748048
490,Karno Fleurus,4.549466999,50.48748473
491,Karno Fleurus,4.54932624,50.48748898
492,Karno Fleurus,4.549218012,50.48747276
493,Karno Fleurus,4.549240066,50.48738397
494,Karno Fleurus,4.54926212,50.48729517
495,Karno Fleurus,4.549284174,50.48720638
496,Karno Fleurus,4.549306227,50.48711758
497,Karno Fleurus,4.549328281,50.48702879
498,Karno Fleurus,4.549350335,50.48693999
499,Karno Fleurus,4.549372388,50.4868512
500,Karno Fleurus,4.549394442,50.48676241
501,Karno Fleurus,4.549416495,50.48667361
502,Karno Fleurus,4.549468578,50.48660265
503,Karno Fleurus,4.549433355,50.48651601
504,Karno Fleurus,4.549411272,50.48642766
505,Karno Fleurus,4.549424445,50.48633861
506,Karno Fleurus,4.54945874,50.48625141
507,Karno Fleurus,4.549493035,50.48616421
508,Karno Fleurus,4.549569017,50.48608931
509,Karno Fleurus,4.549650979,50.48601618
510,Karno Fleurus,4.549669588,50.4859519
511,Karno Fleurus,4.54954722,50.48590733
512,Karno Fleurus,4.549424852,50.48586275
513,Karno Fleurus,4.549302485,50.48581817
514,Karno Fleurus,4.549170485,50.48579782
515,Karno Fleurus,4.549029607,50.4857998
516,Karno Fleurus,4.54888873,50.48580178
517,Karno Fleurus,4.548778513,50.48580196
518,Karno Fleurus,4.548637604,50.48580254
519,Karno Fleurus,4.548496696,50.48580312
520,Karno Fleurus,4.548355787,50.4858037
521,Karno Fleurus,4.548214879,50.48580428
522,Karno Fleurus,4.54807397,50.48580487
523,Karno Fleurus,4.547933061,50.48580545
524,Karno Fleurus,4.547792153,50.48580603
525,Karno Fleurus,4.547651244,50.48580661
526,Karno Fleurus,4.547619403,50.48573055
527,Karno Fleurus,4.547606751,50.48564102
528,Karno Fleurus,4.547594098,50.48555148
529,Karno Fleurus,4.547581445,50.48546194
530,Karno Fleurus,4.547568793,50.4853724
531,Karno Fleurus,4.54755614,50.48528286
532,Karno Fleurus,4.547543488,50.48519332
533,Karno Fleurus,4.547530835,50.48510378
534,Karno Fleurus,4.547591691,50.48504598
535,Karno Fleurus,4.54772668,50.4850202
536,Karno Fleurus,4.54786167,50.48499441
537,Karno Fleurus,4.547996659,50.48496863
538,Karno Fleurus,4.548131648,50.48494284
539,Karno Fleurus,4.548266637,50.48491706
540,Karno Fleurus,4.548401626,50.48489127
541,Karno Fleurus,4.548536615,50.48486549
542,Karno Fleurus,4.548671603,50.4848397
543,Karno Fleurus,4.548806592,50.48481392
544,Karno Fleurus,4.54894158,50.48478813
545,Karno Fleurus,4.549076568,50.48476235
546,Karno Fleurus,4.549209353,50.48473585
547,Karno Fleurus,4.549161276,50.48465135
548,Karno Fleurus,4.549113199,50.48456684
549,Karno Fleurus,4.549065123,50.48448233
550,Karno Fleurus,4.549017046,50.48439782
551,Karno Fleurus,4.54896897,50.48431332
552,Karno Fleurus,4.548920894,50.48422881
553,Karno Fleurus,4.548872819,50.4841443
554,Karno Fleurus,4.548824743,50.48405979
555,Karno Fleurus,4.548776667,50.48397528
556,Karno Fleurus,4.548800147,50.48391326
557,Karno Fleurus,4.548934455,50.48388608
558,Karno Fleurus,4.549068762,50.48385889
559,Karno Fleurus,4.54920307,50.4838317
560,Karno Fleurus,4.549337377,50.48380451
561,Karno Fleurus,4.549312993,50.48372923
562,Karno Fleurus,4.549333526,50.4836676
563,Karno Fleurus,4.549467885,50.48364052
564,Karno Fleurus,4.549602244,50.48361343
565,Karno Fleurus,4.549736603,50.48358635
566,Karno Fleurus,4.549870961,50.48355927
567,Karno Fleurus,4.55000532,50.48353218
568,Karno Fleurus,4.550139678,50.4835051
569,Karno Fleurus,4.550274036,50.48347801
570,Karno Fleurus,4.550408394,50.48345093
571,Karno Fleurus,4.550542752,50.48342384
572,Karno Fleurus,4.55067711,50.48339676
573,Karno Fleurus,4.550811467,50.48336967
574,Karno Fleurus,4.550945825,50.48334258
575,Karno Fleurus,4.550343135,50.483449
576,Karno Fleurus,4.550295293,50.48336444
577,Karno Fleurus,4.550247451,50.48327987
578,Karno Fleurus,4.550199609,50.48319531
579,Karno Fleurus,4.550110042,50.48313424
580,Karno Fleurus,4.549984506,50.48309341
581,Karno Fleurus,4.54988254,50.48303715
582,Karno Fleurus,4.549815286,50.48295814
583,Karno Fleurus,4.549748033,50.48287914
584,Karno Fleurus,4.549705399,50.48279438
585,Karno Fleurus,4.549676648,50.48270637
586,Karno Fleurus,4.54954217,50.48271164
587,Karno Fleurus,4.549405917,50.48272873
588,Karno Fleurus,4.549285867,50.48277579
589,Karno Fleurus,4.549190032,50.48282751
590,Karno Fleurus,4.549249391,50.48290905
591,Karno Fleurus,4.54930875,50.48299058
592,Karno Fleurus,4.549305291,50.48305976
593,Karno Fleurus,4.549184272,50.4831058
594,Karno Fleurus,4.549063252,50.48315185
595,Karno Fleurus,4.548942232,50.4831979
596,Karno Fleurus,4.548821212,50.48324394
597,Karno Fleurus,4.554987477,50.4875313
598,Karno Fleurus,4.55496677,50.48744238
599,Karno Fleurus,4.554946064,50.48735345
600,Karno Fleurus,4.554925357,50.48726453
601,Karno Fleurus,4.55490465,50.4871756
602,Karno Fleurus,4.554883943,50.48708667
603,Karno Fleurus,4.554863237,50.48699775
604,Karno Fleurus,4.55484253,50.48690882
605,Karno Fleurus,4.554821824,50.48681989
606,Karno Fleurus,4.554801118,50.48673097
607,Karno Fleurus,4.554780412,50.48664204
608,Karno Fleurus,4.554759705,50.48655311
609,Karno Fleurus,4.554738999,50.48646419
610,Karno Fleurus,4.55473036,50.48637521
611,Karno Fleurus,4.554749048,50.4862861
612,Karno Fleurus,4.554780973,50.48619976
613,Karno Fleurus,4.55484857,50.48612087
614,Karno Fleurus,4.554914339,50.48604141
615,Karno Fleurus,4.554971656,50.48595928
616,Karno Fleurus,4.555028973,50.48587716
617,Karno Fleurus,4.555093887,50.48579792
618,Karno Fleurus,4.55517996,50.48572674
619,Karno Fleurus,4.555266033,50.48565556
620,Karno Fleurus,4.555352105,50.48558438
621,Karno Fleurus,4.555438177,50.48551319
622,Karno Fleurus,4.555524249,50.48544201
623,Karno Fleurus,4.555619237,50.48544818
624,Karno Fleurus,4.555720705,50.48551056
625,Karno Fleurus,4.555822172,50.48557294
626,Karno Fleurus,4.55592364,50.48563533
627,Karno Fleurus,4.556025109,50.48569771
628,Karno Fleurus,4.556126577,50.48576009
629,Karno Fleurus,4.556228046,50.48582247
630,Karno Fleurus,4.556329515,50.48588485
631,Karno Fleurus,4.556430984,50.48594723
632,Karno Fleurus,4.556532454,50.48600962
633,Karno Fleurus,4.556633924,50.486072
634,Karno Fleurus,4.556735394,50.48613438
635,Karno Fleurus,4.556836864,50.48619676
636,Karno Fleurus,4.556938335,50.48625914
637,Karno Fleurus,4.557039806,50.48632152
638,Karno Fleurus,4.557141277,50.4863839
639,Karno Fleurus,4.562791255,50.48760094
640,Karno Fleurus,4.562691619,50.48753736
641,Karno Fleurus,4.562591984,50.48747378
642,Karno Fleurus,4.562492348,50.48741021
643,Karno Fleurus,4.562392713,50.48734663
644,Karno Fleurus,4.562293078,50.48728306
645,Karno Fleurus,4.562193444,50.48721948
646,Karno Fleurus,4.562093809,50.48715591
647,Karno Fleurus,4.561994175,50.48709233
648,Karno Fleurus,4.561894542,50.48702876
649,Karno Fleurus,4.561794908,50.48696518
650,Karno Fleurus,4.561695275,50.4869016
651,Karno Fleurus,4.561595642,50.48683803
652,Karno Fleurus,4.561496009,50.48677445
653,Karno Fleurus,4.561396377,50.48671087
654,Karno Fleurus,4.561296745,50.4866473
655,Karno Fleurus,4.561197113,50.48658372
656,Karno Fleurus,4.561097481,50.48652014
657,Karno Fleurus,4.56099785,50.48645657
658,Karno Fleurus,4.560898219,50.48639299
659,Karno Fleurus,4.560798588,50.48632941
660,Karno Fleurus,4.560698957,50.48626584
661,Karno Fleurus,4.560599327,50.48620226
662,Karno Fleurus,4.560499697,50.48613868
663,Karno Fleurus,4.560400067,50.48607511
664,Karno Fleurus,4.560263124,50.48605776
665,Karno Fleurus,4.56012414,50.48604294
666,Karno Fleurus,4.559985156,50.48602811
667,Karno Fleurus,4.559846172,50.48601329
668,Karno Fleurus,4.559707188,50.48599847
669,Karno Fleurus,4.559568204,50.48598365
670,Karno Fleurus,4.55942922,50.48596882
671,Karno Fleurus,4.559290237,50.485954
672,Karno Fleurus,4.559151253,50.48593918
673,Karno Fleurus,4.54928232,50.48721606
674,Karno Fleurus,4.549382106,50.48720113
675,Karno Fleurus,4.549404232,50.48711234
676,Karno Fleurus,4.549426358,50.48702355
677,Karno Fleurus,4.549448483,50.48693477
678,Karno Fleurus,4.549470609,50.48684598
679,Karno Fleurus,4.549519013,50.48678042
680,Karno Fleurus,4.549478958,50.48683314
681,Karno Fleurus,4.549465251,50.48688611
682,Karno Fleurus,4.549448507,50.48693852
683,Karno Fleurus,4.549425545,50.48704836
684,Karno Fleurus,4.549411581,50.48709653
685,Karno Fleurus,4.549402321,50.48714168
686,Karno Fleurus,4.549388374,50.48719435
687,Karno Fleurus,4.549479089,50.48748307
688,Karno Fleurus,4.549566317,50.48747691
689,Karno Fleurus,4.549641771,50.48747529
690,Karno Fleurus,4.549314806,50.48707261
691,Karno Fleurus,4.549328121,50.4870161
692,Karno Fleurus,4.549345042,50.48696273
693,Karno Fleurus,4.549356596,50.48690103
694,Karno Fleurus,4.549398426,50.48673999
695,Karno Fleurus,4.549429901,50.48633825
696,Karno Fleurus,4.549607547,50.48592876
697,Karno Fleurus,4.549684179,50.48585332
698,Karno Fleurus,4.548857203,50.48580356
699,Karno Fleurus,4.548894915,50.48579899
700,Karno Fleurus,4.548893006,50.48570909
701,Karno Profondeville,4.856536383,50.37647895
702,Karno Profondeville,4.856509223,50.37643749
703,Karno Profondeville,4.856482062,50.37639603
704,Karno Profondeville,4.856454902,50.37635457
705,Karno Profondeville,4.856427742,50.37631311
706,Karno Profondeville,4.856400582,50.37627165
707,Karno Profondeville,4.856373422,50.37623018
708,Karno Profondeville,4.856346262,50.37618872
709,Karno Profondeville,4.856319102,50.37614726
710,Karno Profondeville,4.856291942,50.3761058
711,Karno Profondeville,4.856264782,50.37606434
712,Karno Profondeville,4.856237622,50.37602288
713,Karno Profondeville,4.856210462,50.37598142
714,Karno Profondeville,4.856183302,50.37593996
715,Karno Profondeville,4.85612837,50.37594246
716,Karno Profondeville,4.856063799,50.37596023
717,Karno Profondeville,4.856006952,50.375965
718,Karno Profondeville,4.856394802,50.37651617
719,Karno Profondeville,4.856459796,50.37649905
720,Karno Profondeville,4.856524791,50.37648192
721,Karno Profondeville,4.856243316,50.37628954
722,Karno Profondeville,4.856308276,50.37627237
723,Karno Profondeville,4.856373236,50.37625519
724,Karno Profondeville,4.856105782,50.37608055
725,Karno Profondeville,4.856170624,50.3760632
726,Karno Profondeville,4.856235466,50.37604584
727,Karno Liège Ouest,5.538089795,50.64637987
728,Karno Liège Ouest,5.537980169,50.6463231
729,Karno Liège Ouest,5.537870543,50.64626632
730,Karno Liège Ouest,5.537760917,50.64620954
731,Karno Liège Ouest,5.537651291,50.64615277
732,Karno Liège Ouest,5.537541666,50.64609599
733,Karno Liège Ouest,5.537432041,50.64603922
734,Karno Liège Ouest,5.537322417,50.64598244
735,Karno Liège Ouest,5.537212792,50.64592567
736,Karno Liège Ouest,5.537103168,50.64586889
737,Karno Liège Ouest,5.536993544,50.64581211
738,Karno Liège Ouest,5.536883921,50.64575534
739,Karno Liège Ouest,5.536774297,50.64569856
740,Karno Liège Ouest,5.536664674,50.64564178
741,Karno Liège Ouest,5.536555051,50.64558501
742,Karno Liège Ouest,5.536445429,50.64552823
743,Karno Liège Ouest,5.536335806,50.64547145
744,Karno Liège Ouest,5.536226184,50.64541468
745,Karno Liège Ouest,5.536118587,50.64535637
746,Karno Liège Ouest,5.536024987,50.64529026
747,Karno Liège Ouest,5.535950338,50.64521395
748,Karno Liège Ouest,5.535893079,50.64513176
749,Karno Liège Ouest,5.535837313,50.64504917
750,Karno Liège Ouest,5.535787336,50.64496507
751,Karno Liège Ouest,5.535720893,50.64492487
752,Karno Liège Ouest,5.535642128,50.64499953
753,Karno Liège Ouest,5.535563362,50.64507418
754,Karno Liège Ouest,5.535484597,50.64514884
755,Karno Liège Ouest,5.53540583,50.6452235
756,Karno Liège Ouest,5.535327064,50.64529816
757,Karno Liège Ouest,5.535248298,50.64537281
758,Karno Liège Ouest,5.535158622,50.64544225
759,Karno Liège Ouest,5.535067578,50.64551103
760,Karno Liège Ouest,5.534976534,50.64557981
761,Karno Liège Ouest,5.53488549,50.64564859
762,Karno Liège Ouest,5.534788077,50.64571367
763,Karno Liège Ouest,5.534688522,50.64577751
764,Karno Liège Ouest,5.534588968,50.64584134
765,Karno Liège Ouest,5.534485793,50.64590275
766,Karno Liège Ouest,5.534380166,50.64596251
767,Karno Liège Ouest,5.534274539,50.64602227
768,Karno Liège Ouest,5.534168912,50.64608203
769,Karno Liège Ouest,5.534057812,50.6461375
770,Karno Liège Ouest,5.53394405,50.64619089
771,Karno Liège Ouest,5.533830288,50.64624427
772,Karno Liège Ouest,5.533716526,50.64629766
773,Karno Liège Ouest,5.533602763,50.64635104
774,Karno Liège Ouest,5.533483234,50.64639869
775,Karno Liège Ouest,5.533359283,50.64644194
776,Karno Liège Ouest,5.533235333,50.6464852
777,Karno Liège Ouest,5.533109545,50.64652622
778,Karno Liège Ouest,5.532982947,50.64656625
779,Karno Liège Ouest,5.532972205,50.64656923
780,Karno Liège Ouest,5.532900052,50.64649192
781,Karno Liège Ouest,5.532827899,50.64641461
782,Karno Liège Ouest,5.532755746,50.64633729
783,Karno Liège Ouest,5.532683594,50.64625998
784,Karno Liège Ouest,5.532611442,50.64618267
785,Karno Liège Ouest,5.53253929,50.64610536
786,Karno Liège Ouest,5.532467138,50.64602804
787,Karno Liège Ouest,5.532394987,50.64595073
788,Karno Liège Ouest,5.532324046,50.64587312
789,Karno Liège Ouest,5.532297,50.64578488
790,Karno Liège Ouest,5.532269954,50.64569664
791,Karno Liège Ouest,5.532242908,50.6456084
792,Karno Liège Ouest,5.532215862,50.64552016
793,Karno Liège Ouest,5.532188816,50.64543193
794,Karno Liège Ouest,5.532161771,50.64534369
795,Karno Liège Ouest,5.532134725,50.64525545
796,Karno Liège Ouest,5.53210768,50.64516721
797,Karno Liège Ouest,5.538097327,50.6463807
798,Karno Liège Ouest,5.537342662,50.64610811
799,Karno Liège Ouest,5.535090393,50.64529268
800,Karno Liège Ouest,5.535196291,50.64535224
801,Karno Liège Ouest,5.532626298,50.64619382
802,Karno Liège Ouest,5.532249096,50.64562235
803,Karno Liège Ouest,5.532388993,50.64560933
804,Karno Liège Ouest,5.532119845,50.64512276
805,Karno Liège Ouest,5.536353572,50.64556632
806,Karno Liège Ouest,5.536440959,50.64549565
807,Karno Charleroi Sud,4.427273711,50.40252723
808,Karno Charleroi Sud,4.427160685,50.40247371
809,Karno Charleroi Sud,4.42704766,50.40242019
810,Karno Charleroi Sud,4.427123722,50.40238729
811,Karno Charleroi Sud,4.427258113,50.40236074
812,Karno Charleroi Sud,4.427392504,50.40233419
813,Karno Charleroi Sud,4.427526894,50.40230764
814,Karno Charleroi Sud,4.427661285,50.40228109
815,Karno Charleroi Sud,4.427795675,50.40225454
816,Karno Charleroi Sud,4.427930065,50.40222799
817,Karno Charleroi Sud,4.428064455,50.40220144
818,Karno Charleroi Sud,4.428198845,50.40217489
819,Karno Charleroi Sud,4.428333235,50.40214834
820,Karno Charleroi Sud,4.428467744,50.40212205
821,Karno Charleroi Sud,4.428602754,50.40209682
822,Karno Charleroi Sud,4.428725036,50.40205831
823,Karno Charleroi Sud,4.428821576,50.40199292
824,Karno Charleroi Sud,4.428737284,50.40193332
825,Karno Charleroi Sud,4.428631021,50.40187442
826,Karno Charleroi Sud,4.428524757,50.40181551
827,Karno Charleroi Sud,4.428418494,50.40175661
828,Karno Charleroi Sud,4.428312231,50.4016977
829,Karno Charleroi Sud,4.428205968,50.4016388
830,Karno Charleroi Sud,4.428099706,50.40157989
831,Karno Charleroi Sud,4.427993443,50.40152098
832,Karno Charleroi Sud,4.427887181,50.40146208
833,Karno Charleroi Sud,4.42778092,50.40140317
834,Karno Charleroi Sud,4.427674658,50.40134427
835,Karno Charleroi Sud,4.427568397,50.40128536
836,Karno Charleroi Sud,4.427462136,50.40122646
837,Karno Charleroi Sud,4.427355876,50.40116755
838,Karno Charleroi Sud,4.427249615,50.40110864
839,Karno Charleroi Sud,4.427143355,50.40104974
840,Karno Charleroi Sud,4.427037095,50.40099083
841,Karno Charleroi Sud,4.426930836,50.40093192
842,Karno Charleroi Sud,4.426824576,50.40087302
843,Karno Charleroi Sud,4.426718317,50.40081411
844,Karno Charleroi Sud,4.426612058,50.4007552
845,Karno Charleroi Sud,4.4265058,50.4006963
846,Karno Charleroi Sud,4.426399542,50.40063739
847,Karno Charleroi Sud,4.426293284,50.40057848
848,Karno Charleroi Sud,4.426187026,50.40051957
849,Karno Charleroi Sud,4.426080768,50.40046067
850,Karno Charleroi Sud,4.425974511,50.40040176
851,Karno Charleroi Sud,4.425868254,50.40034285
852,Karno Charleroi Sud,4.425757972,50.40032967
853,Karno Charleroi Sud,4.425642047,50.40038059
854,Karno Charleroi Sud,4.425526122,50.40043151
855,Karno Charleroi Sud,4.425410197,50.40048242
856,Karno Charleroi Sud,4.425294271,50.40053334
857,Karno Charleroi Sud,4.425178345,50.40058426
858,Karno Charleroi Sud,4.425062419,50.40063518
859,Karno Charleroi Sud,4.424946493,50.40068609
860,Karno Charleroi Sud,4.424830566,50.40073701
861,Karno Charleroi Sud,4.42471464,50.40078792
862,Karno Charleroi Sud,4.424598712,50.40083884
863,Karno Charleroi Sud,4.424482785,50.40088976
864,Karno Charleroi Sud,4.42436417,50.40093761
865,Karno Charleroi Sud,4.424235677,50.40097418
866,Karno Charleroi Sud,4.424107184,50.40101076
867,Karno Charleroi Sud,4.42397869,50.40104733
868,Karno Charleroi Sud,4.423850197,50.40108391
869,Karno Charleroi Sud,4.423717427,50.40111286
870,Karno Charleroi Sud,4.42358186,50.40113684
871,Karno Charleroi Sud,4.423446292,50.40116081
872,Karno Charleroi Sud,4.423310725,50.40118478
873,Karno Charleroi Sud,4.423175157,50.40120875
874,Karno Charleroi Sud,4.423039589,50.40123273
875,Karno Charleroi Sud,4.422904021,50.4012567
876,Karno Charleroi Sud,4.422767657,50.40127867
877,Karno Charleroi Sud,4.422630679,50.40129911
878,Karno Charleroi Sud,4.422493701,50.40131955
879,Karno Charleroi Sud,4.422356724,50.40133999
880,Karno Charleroi Sud,4.422219746,50.40136043
881,Karno Charleroi Sud,4.422082767,50.40138086
882,Karno Charleroi Sud,4.427019261,50.40240982
883,Karno Charleroi Sud,4.426920974,50.40247414
884,Karno Charleroi Sud,4.426822688,50.40253845
885,Karno Charleroi Sud,4.426724401,50.40260277
886,Karno Charleroi Sud,4.42664348,50.40267624
887,Karno Charleroi Sud,4.426563308,50.40275012
888,Karno Charleroi Sud,4.426483136,50.40282399
889,Karno Charleroi Sud,4.426402963,50.40289786
890,Karno Charleroi Sud,4.426321621,50.40297121
891,Karno Charleroi Sud,4.426239839,50.40304435
892,Karno Charleroi Sud,4.426158057,50.4031175
893,Karno Charleroi Sud,4.426076275,50.40319065
894,Karno Charleroi Sud,4.425994492,50.4032638
895,Karno Charleroi Sud,4.425913549,50.40333732
896,Karno Charleroi Sud,4.425832929,50.40341076
897,Karno Charleroi Sud,4.425715415,50.40336135
898,Karno Charleroi Sud,4.425832237,50.40341148
899,Karno Charleroi Sud,4.425756377,50.40348719
900,Karno Charleroi Sud,4.425680517,50.4035629
901,Karno Charleroi Sud,4.425604657,50.40363861
902,Karno Charleroi Sud,4.425528796,50.40371432
903,Karno Charleroi Sud,4.425439714,50.40375143
904,Karno Charleroi Sud,4.425321292,50.40370291
905,Karno Charleroi Sud,4.425202871,50.40365439
906,Karno Charleroi Sud,4.42508445,50.40360587
907,Karno Charleroi Sud,4.424966029,50.40355734
908,Karno Charleroi Sud,4.424847609,50.40350882
909,Karno Charleroi Sud,4.424729188,50.4034603
910,Karno Charleroi Sud,4.424610768,50.40341178
911,Karno Charleroi Sud,4.424492348,50.40336326
912,Karno Charleroi Sud,4.424373929,50.40331473
913,Karno Charleroi Sud,4.42425551,50.40326621
914,Karno Charleroi Sud,4.42413709,50.40321769
915,Karno Charleroi Sud,4.424018672,50.40316916
916,Karno Charleroi Sud,4.423911447,50.40311323
917,Karno Charleroi Sud,4.423831462,50.40303928
918,Karno Charleroi Sud,4.423751478,50.40296532
919,Karno Charleroi Sud,4.423671494,50.40289137
920,Karno Charleroi Sud,4.423591511,50.40281741
921,Karno Charleroi Sud,4.423511527,50.40274346
922,Karno Charleroi Sud,4.423431544,50.4026695
923,Karno Charleroi Sud,4.423351561,50.40259555
924,Karno Charleroi Sud,4.423271579,50.40252159
925,Karno Charleroi Sud,4.423191597,50.40244764
926,Karno Charleroi Sud,4.423111614,50.40237368
927,Karno Charleroi Sud,4.423031633,50.40229972
928,Karno Charleroi Sud,4.422951651,50.40222577
929,Karno Charleroi Sud,4.42287167,50.40215181
930,Karno Charleroi Sud,4.422791688,50.40207786
931,Karno Charleroi Sud,4.422711708,50.4020039
932,Karno Charleroi Sud,4.422631727,50.40192994
933,Karno Charleroi Sud,4.422551747,50.40185599
934,Karno Charleroi Sud,4.422471767,50.40178203
935,Karno Charleroi Sud,4.422391787,50.40170808
936,Karno Charleroi Sud,4.422311807,50.40163412
937,Karno Charleroi Sud,4.422231828,50.40156016
938,Karno Charleroi Sud,4.422151849,50.40148621
939,Karno Charleroi Sud,4.42207187,50.40141225
940,Karno Charleroi Sud,4.422020515,50.40139016
941,Karno Charleroi Sud,4.421883523,50.40141056
942,Karno Charleroi Sud,4.421746531,50.40143096
943,Karno Charleroi Sud,4.421609539,50.40145136
944,Karno Charleroi Sud,4.421472547,50.40147176
945,Karno Charleroi Sud,4.421335554,50.40149216
946,Karno Charleroi Sud,4.421198562,50.40151256
947,Karno Charleroi Sud,4.421061569,50.40153296
948,Karno Charleroi Sud,4.420924576,50.40155336
949,Karno Charleroi Sud,4.420787583,50.40157375
950,Karno Charleroi Sud,4.42065059,50.40159415
951,Karno Charleroi Sud,4.420513597,50.40161455
952,Karno Charleroi Sud,4.420376604,50.40163495
953,Karno Charleroi Sud,4.42023961,50.40165535
954,Karno Charleroi Sud,4.420102617,50.40167574
955,Karno Charleroi Sud,4.419965623,50.40169614
956,Karno Charleroi Sud,4.419828629,50.40171654
957,Karno Charleroi Sud,4.419691636,50.40173694
958,Karno Charleroi Sud,4.419566274,50.40177506
959,Karno Charleroi Sud,4.419447487,50.40182322
960,Karno Charleroi Sud,4.419328701,50.40187137
961,Karno Charleroi Sud,4.419209914,50.40191952
962,Karno Charleroi Sud,4.419091126,50.40196767
963,Karno Charleroi Sud,4.418972339,50.40201582
964,Karno Charleroi Sud,4.418853551,50.40206397
965,Karno Charleroi Sud,4.418734763,50.40211212
966,Karno Charleroi Sud,4.418615975,50.40216027
967,Karno Charleroi Sud,4.418497186,50.40220842
968,Karno Charleroi Sud,4.418378615,50.40225679
969,Karno Charleroi Sud,4.418260302,50.40230541
970,Karno Charleroi Sud,4.418141989,50.40235404
971,Karno Charleroi Sud,4.418023675,50.40240266
972,Karno Charleroi Sud,4.417915226,50.4024191
973,Karno Charleroi Sud,4.417834357,50.40234554
974,Karno Charleroi Sud,4.417753488,50.40227198
975,Karno Charleroi Sud,4.427231504,50.40255866
976,Karno Charleroi Sud,4.427118345,50.40250526
977,Karno Charleroi Sud,4.427006176,50.40245765
978,Karno Charleroi Sud,4.426913713,50.4025254
979,Karno Charleroi Sud,4.42682125,50.40259315
980,Karno Charleroi Sud,4.426732939,50.40266292
981,Karno Charleroi Sud,4.426655887,50.40273813
982,Karno Charleroi Sud,4.426578836,50.40281335
983,Karno Charleroi Sud,4.426501784,50.40288856
984,Karno Charleroi Sud,4.426424731,50.40296378
985,Karno Charleroi Sud,4.426347679,50.403039
986,Karno Charleroi Sud,4.426270626,50.40311421
987,Karno Charleroi Sud,4.426193573,50.40318943
988,Karno Charleroi Sud,4.42611652,50.40326464
989,Karno Charleroi Sud,4.426039467,50.40333986
990,Karno Charleroi Sud,4.425962413,50.40341507
991,Karno Charleroi Sud,4.425885359,50.40349029
992,Karno Charleroi Sud,4.425808305,50.40356551
993,Karno Charleroi Sud,4.425731251,50.40364072
994,Karno Charleroi Sud,4.425654196,50.40371594
995,Karno Charleroi Sud,4.425577141,50.40379115
996,Karno Charleroi Sud,4.425496258,50.40385532
997,Karno Charleroi Sud,4.425376707,50.40380795
998,Karno Charleroi Sud,4.425257157,50.40376057
999,Karno Charleroi Sud,4.425137607,50.40371319
1000,Karno Charleroi Sud,4.425018057,50.40366581
1001,Karno Charleroi Sud,4.424898507,50.40361844
1002,Karno Charleroi Sud,4.424778957,50.40357106
1003,Karno Charleroi Sud,4.424659408,50.40352368
1004,Karno Charleroi Sud,4.424539859,50.4034763
1005,Karno Charleroi Sud,4.42442031,50.40342892
1006,Karno Charleroi Sud,4.424300761,50.40338155
1007,Karno Charleroi Sud,4.424181213,50.40333417
1008,Karno Charleroi Sud,4.424061665,50.40328679
1009,Karno Charleroi Sud,4.423942117,50.40323941
1010,Karno Charleroi Sud,4.423831625,50.40318602
1011,Karno Charleroi Sud,4.42375299,50.40311147
1012,Karno Charleroi Sud,4.423674355,50.40303693
1013,Karno Charleroi Sud,4.423595721,50.40296239
1014,Karno Charleroi Sud,4.423517086,50.40288784
1015,Karno Charleroi Sud,4.423438452,50.4028133
1016,Karno Charleroi Sud,4.423359818,50.40273875
1017,Karno Charleroi Sud,4.423281184,50.40266421
1018,Karno Charleroi Sud,4.423202551,50.40258967
1019,Karno Charleroi Sud,4.423123918,50.40251512
1020,Karno Charleroi Sud,4.423045285,50.40244058
1021,Karno Charleroi Sud,4.422966652,50.40236603
1022,Karno Charleroi Sud,4.42288802,50.40229149
1023,Karno Charleroi Sud,4.422809388,50.40221694
1024,Karno Charleroi Sud,4.422730756,50.4021424
1025,Karno Charleroi Sud,4.422652124,50.40206785
1026,Karno Charleroi Sud,4.422573492,50.40199331
1027,Karno Charleroi Sud,4.422494861,50.40191876
1028,Karno Charleroi Sud,4.42241623,50.40184422
1029,Karno Charleroi Sud,4.4223376,50.40176967
1030,Karno Charleroi Sud,4.422258969,50.40169513
1031,Karno Charleroi Sud,4.422180339,50.40162059
1032,Karno Charleroi Sud,4.422101709,50.40154604
1033,Karno Charleroi Sud,4.422023079,50.4014715
1034,Karno Charleroi Sud,4.421901083,50.40146733
1035,Karno Charleroi Sud,4.421764038,50.40148758
1036,Karno Charleroi Sud,4.421626994,50.40150784
1037,Karno Charleroi Sud,4.421489949,50.40152809
1038,Karno Charleroi Sud,4.421352904,50.40154835
1039,Karno Charleroi Sud,4.421215859,50.4015686
1040,Karno Charleroi Sud,4.421078813,50.40158886
1041,Karno Charleroi Sud,4.420941768,50.40160911
1042,Karno Charleroi Sud,4.420804722,50.40162937
1043,Karno Charleroi Sud,4.420667677,50.40164962
1044,Karno Charleroi Sud,4.420530631,50.40166988
1045,Karno Charleroi Sud,4.420393585,50.40169013
1046,Karno Charleroi Sud,4.420256539,50.40171038
1047,Karno Charleroi Sud,4.420119493,50.40173064
1048,Karno Charleroi Sud,4.419982447,50.40175089
1049,Karno Charleroi Sud,4.419845401,50.40177114
1050,Karno Charleroi Sud,4.419708354,50.4017914
1051,Karno Charleroi Sud,4.419585985,50.4018342
1052,Karno Charleroi Sud,4.419466888,50.40188204
1053,Karno Charleroi Sud,4.419347791,50.40192988
1054,Karno Charleroi Sud,4.419228693,50.40197771
1055,Karno Charleroi Sud,4.419109595,50.40202555
1056,Karno Charleroi Sud,4.418990497,50.40207339
1057,Karno Charleroi Sud,4.418871399,50.40212122
1058,Karno Charleroi Sud,4.418752301,50.40216906
1059,Karno Charleroi Sud,4.418633202,50.40221689
1060,Karno Charleroi Sud,4.418514103,50.40226473
1061,Karno Charleroi Sud,4.418395004,50.40231257
1062,Karno Charleroi Sud,4.418275904,50.4023604
1063,Karno Charleroi Sud,4.418156804,50.40240824
1064,Karno Charleroi Sud,4.418037704,50.40245607
1065,Karno Charleroi Sud,4.417920351,50.4024985
1066,Karno Charleroi Sud,4.417840642,50.40242443
1067,Karno Charleroi Sud,4.417760933,50.40235035
1068,Karno Charleroi Sud,4.417681225,50.40227627
1069,Karno Charleroi Quais de Sambre,4.456873671,50.40242719
1070,Karno Charleroi Quais de Sambre,4.456802649,50.40234959
1071,Karno Charleroi Quais de Sambre,4.456701693,50.40233089
1072,Karno Charleroi Quais de Sambre,4.456572882,50.40236702
1073,Karno Charleroi Quais de Sambre,4.456444071,50.40240314
1074,Karno Charleroi Quais de Sambre,4.456315259,50.40243926
1075,Karno Charleroi Quais de Sambre,4.456186448,50.40247538
1076,Karno Charleroi Quais de Sambre,4.456057636,50.4025115
1077,Karno Charleroi Quais de Sambre,4.455928825,50.40254762
1078,Karno Charleroi Quais de Sambre,4.455800013,50.40258374
1079,Karno Charleroi Quais de Sambre,4.455677866,50.40262806
1080,Karno Charleroi Quais de Sambre,4.455557596,50.40267468
1081,Karno Charleroi Quais de Sambre,4.455437326,50.40272131
1082,Karno Charleroi Quais de Sambre,4.455317055,50.40276793
1083,Karno Charleroi Quais de Sambre,4.455196785,50.40281456
1084,Karno Charleroi Quais de Sambre,4.455076686,50.40286136
1085,Karno Charleroi Quais de Sambre,4.454957081,50.40290868
1086,Karno Charleroi Quais de Sambre,4.454837476,50.402956
1087,Karno Charleroi Quais de Sambre,4.45471787,50.40300332
1088,Karno Charleroi Quais de Sambre,4.454598265,50.40305064
1089,Karno Charleroi Quais de Sambre,4.454478659,50.40309795
1090,Karno Charleroi Quais de Sambre,4.454359053,50.40314527
1091,Karno Charleroi Quais de Sambre,4.454239447,50.40319259
1092,Karno Charleroi Quais de Sambre,4.454120641,50.40324071
1093,Karno Charleroi Quais de Sambre,4.454003175,50.40329017
1094,Karno Charleroi Quais de Sambre,4.453885709,50.40333963
1095,Karno Charleroi Quais de Sambre,4.453768242,50.40338909
1096,Karno Charleroi Quais de Sambre,4.453650775,50.40343855
1097,Karno Charleroi Quais de Sambre,4.453530479,50.40348501
1098,Karno Charleroi Quais de Sambre,4.453407218,50.40352833
1099,Karno Charleroi Quais de Sambre,4.453283957,50.40357165
1100,Karno Charleroi Quais de Sambre,4.453160695,50.40361497
1101,Karno Charleroi Quais de Sambre,4.453037204,50.40365802
1102,Karno Charleroi Quais de Sambre,4.452913311,50.40370059
1103,Karno Charleroi Quais de Sambre,4.452789418,50.40374317
1104,Karno Charleroi Quais de Sambre,4.452665525,50.40378575
1105,Karno Charleroi Quais de Sambre,4.452541631,50.40382832
1106,Karno Charleroi Quais de Sambre,4.452409284,50.40385795
1107,Karno Charleroi Quais de Sambre,4.452274777,50.40388426
1108,Karno Charleroi Quais de Sambre,4.452140269,50.40391058
1109,Karno Charleroi Quais de Sambre,4.452005762,50.4039369
1110,Karno Charleroi Quais de Sambre,4.451871254,50.40396321
1111,Karno Charleroi Quais de Sambre,4.451736049,50.40398801
1112,Karno Charleroi Quais de Sambre,4.451600665,50.40401242
1113,Karno Charleroi Quais de Sambre,4.45146528,50.40403683
1114,Karno Charleroi Quais de Sambre,4.451329896,50.40406124
1115,Karno Charleroi Quais de Sambre,4.451194511,50.40408565
1116,Karno Charleroi Quais de Sambre,4.4510604,50.40411259
1117,Karno Charleroi Quais de Sambre,4.450928171,50.40414326
1118,Karno Charleroi Quais de Sambre,4.450795943,50.40417393
1119,Karno Charleroi Quais de Sambre,4.450668984,50.40421179
1120,Karno Charleroi Quais de Sambre,4.450547555,50.40425717
1121,Karno Charleroi Quais de Sambre,4.450426127,50.40430256
1122,Karno Charleroi Quais de Sambre,4.450304698,50.40434794
1123,Karno Charleroi Quais de Sambre,4.450183269,50.40439333
1124,Karno Charleroi Quais de Sambre,4.450061839,50.40443871
1125,Karno Charleroi Quais de Sambre,4.44994041,50.4044841
1126,Karno Charleroi Quais de Sambre,4.44981898,50.40452949
1127,Karno Charleroi Quais de Sambre,4.44969755,50.40457487
1128,Karno Charleroi Quais de Sambre,4.44957612,50.40462026
1129,Karno Charleroi Quais de Sambre,4.44946342,50.40467378
1130,Karno Charleroi Quais de Sambre,4.449353427,50.40472982
1131,Karno Charleroi Quais de Sambre,4.449243434,50.40478586
1132,Karno Charleroi Quais de Sambre,4.44913344,50.40484191
1133,Karno Charleroi Quais de Sambre,4.449023446,50.40489795
1134,Karno Charleroi Quais de Sambre,4.448913452,50.404954
1135,Karno Charleroi Quais de Sambre,4.448802993,50.40500966
1136,Karno Charleroi Quais de Sambre,4.448690723,50.40506383
1137,Karno Charleroi Quais de Sambre,4.448578453,50.405118
1138,Karno Charleroi Quais de Sambre,4.448466183,50.40517216
1139,Karno Charleroi Quais de Sambre,4.448353912,50.40522633
1140,Karno Charleroi Quais de Sambre,4.448241641,50.4052805
1141,Karno Charleroi Quais de Sambre,4.448290019,50.40568032
1142,Karno Charleroi Quais de Sambre,4.448375913,50.40560912
1143,Karno Charleroi Quais de Sambre,4.448461807,50.40553792
1144,Karno Charleroi Quais de Sambre,4.4484742,50.40546858
1145,Karno Charleroi Quais de Sambre,4.448379775,50.40540194
1146,Karno Charleroi Quais de Sambre,4.448285351,50.4053353
1147,Karno Charleroi Quais de Sambre,4.448190927,50.40526866
1148,Karno Charleroi Quais de Sambre,4.448096503,50.40520202
1149,Karno Charleroi Quais de Sambre,4.44800208,50.40513538
1150,Karno Charleroi Quais de Sambre,4.447907657,50.40506874
1151,Karno Charleroi Quais de Sambre,4.447813234,50.40500209
1152,Karno Charleroi Quais de Sambre,4.447718811,50.40493545
1153,Karno Charleroi Quais de Sambre,4.447624389,50.40486881
1154,Karno Charleroi Quais de Sambre,4.447529967,50.40480217
1155,Karno Charleroi Quais de Sambre,4.447435545,50.40473553
1156,Karno Charleroi Quais de Sambre,4.447341123,50.40466889
1157,Karno Charleroi Quais de Sambre,4.447246702,50.40460225
1158,Karno Charleroi Quais de Sambre,4.447152281,50.40453561
1159,Karno Charleroi Quais de Sambre,4.44705786,50.40446896
1160,Karno Charleroi Quais de Sambre,4.44696344,50.40440232
1161,Karno Charleroi Quais de Sambre,4.44686902,50.40433568
1162,Karno Charleroi Quais de Sambre,4.4467746,50.40426904
1163,Karno Charleroi Quais de Sambre,4.44668018,50.4042024
1164,Karno Charleroi Quais de Sambre,4.446585761,50.40413575
1165,Karno Charleroi Quais de Sambre,4.446491341,50.40406911
1166,Karno Charleroi Quais de Sambre,4.446396923,50.40400247
1167,Karno Charleroi Quais de Sambre,4.447663655,50.40369823
1168,Karno Charleroi Quais de Sambre,4.447561726,50.40369398
1169,Karno Charleroi Quais de Sambre,4.447428664,50.40372314
1170,Karno Charleroi Quais de Sambre,4.447295602,50.4037523
1171,Karno Charleroi Quais de Sambre,4.447162539,50.40378146
1172,Karno Charleroi Quais de Sambre,4.447029476,50.40381062
1173,Karno Charleroi Quais de Sambre,4.446896413,50.40383979
1174,Karno Charleroi Quais de Sambre,4.44676335,50.40386895
1175,Karno Charleroi Quais de Sambre,4.446630287,50.40389811
1176,Karno Charleroi Quais de Sambre,4.446497224,50.40392727
1177,Karno Charleroi Quais de Sambre,4.44636416,50.40395643
1178,Karno Charleroi Quais de Sambre,4.446225167,50.40396924
1179,Karno Charleroi Quais de Sambre,4.446085603,50.40398049
1180,Karno Charleroi Quais de Sambre,4.445946039,50.40399173
1181,Karno Charleroi Quais de Sambre,4.445806475,50.40400298
1182,Karno Charleroi Quais de Sambre,4.445666911,50.40401422
1183,Karno Charleroi Quais de Sambre,4.445527347,50.40402547
1184,Karno Charleroi Quais de Sambre,4.445387783,50.40403671
1185,Karno Charleroi Quais de Sambre,4.445248218,50.40404796
1186,Karno Charleroi Quais de Sambre,4.445108654,50.4040592
1187,Karno Charleroi Quais de Sambre,4.445041108,50.40411099
1188,Karno Charleroi Quais de Sambre,4.445041254,50.40420089
1189,Karno Charleroi Quais de Sambre,4.4450414,50.4042908
1190,Karno Charleroi Quais de Sambre,4.444987379,50.40435221
1191,Karno Charleroi Quais de Sambre,4.444849306,50.4043694
1192,Karno Charleroi Quais de Sambre,4.444711233,50.4043866
1193,Karno Charleroi Quais de Sambre,4.44457316,50.4044038
1194,Karno Charleroi Quais de Sambre,4.444435088,50.40442099
1195,Karno Charleroi Quais de Sambre,4.444297015,50.40443819
1196,Karno Charleroi Quais de Sambre,4.444158941,50.40445538
1197,Karno Charleroi Quais de Sambre,4.444020868,50.40447258
1198,Karno Charleroi Quais de Sambre,4.443882795,50.40448977
1199,Karno Charleroi Quais de Sambre,4.443744722,50.40450697
1200,Karno Charleroi Quais de Sambre,4.443606648,50.40452416
1201,Karno Charleroi Quais de Sambre,4.443468574,50.40454135
1202,Karno Charleroi Quais de Sambre,4.443330501,50.40455855
1203,Karno Charleroi Quais de Sambre,4.443192427,50.40457574
1204,Karno Charleroi Quais de Sambre,4.443054353,50.40459294
1205,Karno Charleroi Quais de Sambre,4.442916279,50.40461013
1206,Karno Charleroi Quais de Sambre,4.442778205,50.40462732
1207,Karno Charleroi Quais de Sambre,4.442640131,50.40464452
1208,Karno Charleroi Quais de Sambre,4.442502056,50.40466171
1209,Karno Charleroi Quais de Sambre,4.442363982,50.4046789
1210,Karno Charleroi Quais de Sambre,4.442225908,50.4046961
1211,Karno Charleroi Quais de Sambre,4.442087833,50.40471329
1212,Karno Charleroi Quais de Sambre,4.441949758,50.40473048
1213,Karno Charleroi Quais de Sambre,4.441811683,50.40474767
1214,Karno Charleroi Quais de Sambre,4.441673609,50.40476486
1215,Karno Charleroi Quais de Sambre,4.443627215,50.40502273
1216,Karno Charleroi Quais de Sambre,4.443606865,50.40493377
1217,Karno Charleroi Quais de Sambre,4.443586515,50.40484481
1218,Karno Charleroi Quais de Sambre,4.443566165,50.40475586
1219,Karno Charleroi Quais de Sambre,4.443545816,50.4046669
1220,Karno Charleroi Quais de Sambre,4.443525466,50.40457794
1221,Karno Charleroi Quais de Sambre,4.443505117,50.40448898
1222,Karno Charleroi Quais de Sambre,4.439600159,50.4045674
1223,Karno Charleroi Quais de Sambre,4.439699641,50.40451651
1224,Karno Charleroi Quais de Sambre,4.439838943,50.404504
1225,Karno Charleroi Quais de Sambre,4.439978244,50.40449149
1226,Karno Charleroi Quais de Sambre,4.440117546,50.40447898
1227,Karno Charleroi Quais de Sambre,4.440256847,50.40446647
1228,Karno Charleroi Quais de Sambre,4.440396149,50.40445396
1229,Karno Charleroi Quais de Sambre,4.44053545,50.40444144
1230,Karno Charleroi Quais de Sambre,4.440674751,50.40442893
1231,Karno Charleroi Quais de Sambre,4.440814052,50.40441642
1232,Karno Charleroi Quais de Sambre,4.440953353,50.40440391
1233,Karno Charleroi Quais de Sambre,4.441092654,50.4043914
1234,Karno Charleroi Quais de Sambre,4.441231955,50.40437889
1235,Karno Charleroi Quais de Sambre,4.441371256,50.40436637
1236,Karno Charleroi Quais de Sambre,4.441493637,50.40436799
1237,Karno Charleroi Quais de Sambre,4.441511149,50.4044572
1238,Karno Charleroi Quais de Sambre,4.441528661,50.4045464
1239,Karno Charleroi Quais de Sambre,4.441546174,50.40463561
1240,Karno Charleroi Quais de Sambre,4.441563686,50.40472481
1241,Karno Charleroi Quais de Sambre,4.441581199,50.40481401
1242,Karno Charleroi Quais de Sambre,4.441598711,50.40490322
1243,Karno Charleroi Quais de Sambre,4.441616224,50.40499242
1244,Karno Charleroi Quais de Sambre,4.441633737,50.40508163
1245,Karno Charleroi Quais de Sambre,4.44165125,50.40517083
1246,Karno Charleroi Quais de Sambre,4.441668762,50.40526003
1247,Karno Charleroi Quais de Sambre,4.441686275,50.40534924
1248,Karno Charleroi Quais de Sambre,4.441676102,50.40542662
1249,Karno Charleroi Quais de Sambre,4.441540456,50.40545044
1250,Karno Charleroi Quais de Sambre,4.44140481,50.40547426
1251,Karno Charleroi Quais de Sambre,4.441269163,50.40549808
1252,Karno Charleroi Quais de Sambre,4.441133516,50.40552189
1253,Karno Charleroi Quais de Sambre,4.441023435,50.40555644
1254,Karno Charleroi Quais de Sambre,4.441043182,50.40564545
1255,Karno Charleroi Quais de Sambre,4.44106293,50.40573446
1256,Karno Charleroi Quais de Sambre,4.441082677,50.40582348
1257,Karno Charleroi Quais de Sambre,4.441102424,50.40591249
1258,Karno Charleroi Quais de Sambre,4.441122171,50.4060015
1259,Karno Charleroi Quais de Sambre,4.441141919,50.40609052
1260,Karno Charleroi Quais de Sambre,4.441161666,50.40617953
1261,Karno Charleroi Quais de Sambre,4.441181414,50.40626854
1262,Karno Charleroi Quais de Sambre,4.441201161,50.40635756
1263,Karno Charleroi Quais de Sambre,4.441220909,50.40644657
1264,Karno Charleroi Quais de Sambre,4.441150601,50.40649413
1265,Karno Charleroi Quais de Sambre,4.441012237,50.40651037
1266,Karno Charleroi Quais de Sambre,4.440873874,50.4065266
1267,Karno Charleroi Quais de Sambre,4.44073551,50.40654283
1268,Karno Charleroi Quais de Sambre,4.440597146,50.40655907
1269,Karno Charleroi Quais de Sambre,4.440458782,50.4065753
1270,Karno Charleroi Quais de Sambre,4.440320418,50.40659153
1271,Karno Charleroi Quais de Sambre,4.440182054,50.40660777
1272,Karno Charleroi Quais de Sambre,4.44004369,50.406624
1273,Karno Charleroi Quais de Sambre,4.439905325,50.40664023
1274,Karno Charleroi Quais de Sambre,4.439766961,50.40665647
1275,Karno Charleroi Quais de Sambre,4.439628596,50.4066727
1276,Karno Charleroi Quais de Sambre,4.439490232,50.40668893
1277,Karno Charleroi Quais de Sambre,4.439351867,50.40670516
1278,Karno Charleroi Quais de Sambre,4.439213502,50.40672139
1279,Karno Charleroi Quais de Sambre,4.439075137,50.40673763
1280,Karno Charleroi Quais de Sambre,4.438936772,50.40675386
1281,Karno Charleroi Quais de Sambre,4.438798407,50.40677009
1282,Karno Charleroi Quais de Sambre,4.438660042,50.40678632
1283,Karno Charleroi Quais de Sambre,4.438521677,50.40680255
1284,Karno Charleroi Quais de Sambre,4.438383311,50.40681878
1285,Karno Charleroi Quais de Sambre,4.438244946,50.40683501
1286,Karno Charleroi Quais de Sambre,4.43810658,50.40685124
1287,Karno Charleroi Quais de Sambre,4.437968215,50.40686747
1288,Karno Charleroi Quais de Sambre,4.437829849,50.40688371
1289,Karno Charleroi Quais de Sambre,4.437691483,50.40689994
1290,Karno Charleroi Quais de Sambre,4.437556815,50.40692027
1291,Karno Charleroi Quais de Sambre,4.437465363,50.40698859
1292,Karno Charleroi Quais de Sambre,4.437373911,50.4070569
1293,Karno Charleroi Quais de Sambre,4.437360105,50.40712161
1294,Karno Charleroi Quais de Sambre,4.441135806,50.4059909
1295,Karno Charleroi Quais de Sambre,4.441274772,50.40597693
1296,Karno Charleroi Quais de Sambre,4.441413739,50.40596296
1297,Karno Charleroi Quais de Sambre,4.441552706,50.405949
1298,Karno Charleroi Quais de Sambre,4.441671429,50.40595723
1299,Karno Charleroi Quais de Sambre,4.440399295,50.40668794
1300,Karno Wavre Nord,4.600126046,50.72277615
1301,Karno Wavre Nord,4.600031158,50.72270942
1302,Karno Wavre Nord,4.599936271,50.72264268
1303,Karno Wavre Nord,4.599841383,50.72257595
1304,Karno Wavre Nord,4.599746496,50.72250921
1305,Karno Wavre Nord,4.599651609,50.72244248
1306,Karno Wavre Nord,4.599556723,50.72237574
1307,Karno Wavre Nord,4.599461836,50.722309
1308,Karno Wavre Nord,4.59936695,50.72224227
1309,Karno Wavre Nord,4.599272065,50.72217553
1310,Karno Wavre Nord,4.599177179,50.7221088
1311,Karno Wavre Nord,4.599082294,50.72204206
1312,Karno Wavre Nord,4.598977752,50.7219863
1313,Karno Wavre Nord,4.598840335,50.72197823
1314,Karno Wavre Nord,4.598723344,50.72202729
1315,Karno Wavre Nord,4.598620092,50.72208882
1316,Karno Wavre Nord,4.598516839,50.72215034
1317,Karno Wavre Nord,4.598413586,50.72221187
1318,Karno Wavre Nord,4.598310332,50.7222734
1319,Karno Wavre Nord,4.598207079,50.72233493
1320,Karno Wavre Nord,4.598103825,50.72239645
1321,Karno Wavre Nord,4.59806768,50.72241819
1322,Karno Wavre Nord,4.598104272,50.72250503
1323,Karno Wavre Nord,4.598140865,50.72259188
1324,Karno Wavre Nord,4.598177457,50.72267872
1325,Karno Wavre Nord,4.59821405,50.72276557
1326,Karno Wavre Nord,4.598250643,50.72285241
1327,Karno Wavre Nord,4.598287236,50.72293926
1328,Karno Wavre Nord,4.598323829,50.7230261
1329,Karno Wavre Nord,4.598244307,50.72308758
1330,Karno Wavre Nord,4.598131274,50.72314175
1331,Karno Wavre Nord,4.598018241,50.72319591
1332,Karno Wavre Nord,4.597905207,50.72325007
1333,Karno Wavre Nord,4.598067315,50.72241836
1334,Karno Wavre Nord,4.598022828,50.72233302
1335,Karno Wavre Nord,4.597978341,50.72224767
1336,Karno Wavre Nord,4.597933854,50.72216232
1337,Karno Wavre Nord,4.597889367,50.72207697
1338,Karno Wavre Nord,4.59784488,50.72199163
1339,Karno Wavre Nord,4.597800394,50.72190628
1340,Karno Wavre Nord,4.597755907,50.72182093
1341,Karno Wavre Nord,4.597711421,50.72173559
1342,Karno Wavre Nord,4.597666935,50.72165024
1343,Karno Wavre Nord,4.597622449,50.72156489
1344,Karno Wavre Nord,4.597577963,50.72147954
1345,Karno Wavre Nord,4.597533478,50.7213942
1346,Karno Wavre Nord,4.597488992,50.72130885
1347,Karno Wavre Nord,4.597444507,50.7212235
1348,Karno Wavre Nord,4.597400022,50.72113815
1349,Karno Wavre Nord,4.597355537,50.72105281
1350,Karno Wavre Nord,4.597276018,50.7209803
1351,Karno Wavre Nord,4.597181813,50.72091318
1352,Karno Wavre Nord,4.597087609,50.72084606
1353,Karno Wavre Nord,4.596993405,50.72077893
1354,Karno Wavre Nord,4.596899201,50.72071181
1355,Karno Wavre Nord,4.596804998,50.72064469
1356,Karno Wavre Nord,4.596710795,50.72057757
1357,Karno Wavre Nord,4.596616592,50.72051044
1358,Karno Wavre Nord,4.596520868,50.72047677
1359,Karno Wavre Nord,4.596420723,50.72054033
1360,Karno Wavre Nord,4.596320577,50.7206039
1361,Karno Wavre Nord,4.596220431,50.72066746
1362,Karno Wavre Nord,4.596120284,50.72073102
1363,Karno Wavre Nord,4.596020138,50.72079458
1364,Karno Wavre Nord,4.595919991,50.72085814
1365,Karno Wavre Nord,4.595819844,50.7209217
1366,Karno Wavre Nord,4.595719696,50.72098526
1367,Karno Wavre Nord,4.595619549,50.72104882
1368,Karno Wavre Nord,4.595519401,50.72111238
1369,Karno Wavre Nord,4.595419253,50.72117594
1370,Karno Wavre Nord,4.595319104,50.7212395
1371,Karno Wavre Nord,4.595218955,50.72130306
1372,Karno Wavre Nord,4.595118806,50.72136662
1373,Karno Wavre Nord,4.595067395,50.72139929
1374,Karno Wavre Nord,4.595170407,50.72146098
1375,Karno Wavre Nord,4.59527342,50.72152267
1376,Karno Wavre Nord,4.595376433,50.72158435
1377,Karno Wavre Nord,4.595479447,50.72164604
1378,Karno Wavre Nord,4.59558246,50.72170773
1379,Karno Wavre Nord,4.595633323,50.72178681
1380,Karno Wavre Nord,4.595654869,50.72187566
1381,Karno Wavre Nord,4.595676414,50.72196451
1382,Karno Wavre Nord,4.59569796,50.72205336
1383,Karno Wavre Nord,4.595719505,50.72214221
1384,Karno Wavre Nord,4.595741051,50.72223106
1385,Karno Wavre Nord,4.595762597,50.72231992
1386,Karno Wavre Nord,4.595784142,50.72240877
1387,Karno Wavre Nord,4.595809746,50.72249706
1388,Karno Wavre Nord,4.595847918,50.72258363
1389,Karno Wavre Nord,4.595886091,50.7226702
1390,Karno Wavre Nord,4.595924263,50.72275677
1391,Karno Wavre Nord,4.595962436,50.72284335
1392,Karno Wavre Nord,4.596000609,50.72292992
1393,Karno Wavre Nord,4.596038782,50.72301649
1394,Karno Wavre Nord,4.596076955,50.72310306
1395,Karno Wavre Nord,4.596115128,50.72318963
1396,Karno Wavre Nord,4.596153301,50.7232762
1397,Karno Wavre Nord,4.595067395,50.72139929
1398,Karno Wavre Nord,4.594966097,50.72146211
1399,Karno Wavre Nord,4.5948648,50.72152493
1400,Karno Wavre Nord,4.594763502,50.72158776
1401,Karno Wavre Nord,4.594662204,50.72165058
1402,Karno Wavre Nord,4.594560906,50.7217134
1403,Karno Wavre Nord,4.594459607,50.72177622
1404,Karno Wavre Nord,4.594355872,50.7218374
1405,Karno Wavre Nord,4.594230725,50.72185261
1406,Karno Wavre Nord,4.594108382,50.72189789
1407,Karno Wavre Nord,4.593972388,50.72188848
1408,Karno Wavre Nord,4.593833986,50.72186943
1409,Karno Wavre Nord,4.593695585,50.72185039
1410,Karno Wavre Nord,4.594346313,50.72185415
1411,Karno Wavre Nord,4.59439848,50.72192739
1412,Karno Wavre Nord,4.594334851,50.72200544
1413,Karno Wavre Nord,4.594345414,50.72209158
1414,Karno Wavre Nord,4.594381846,50.72217845
1415,Karno Wavre Nord,4.594418277,50.72226533
1416,Karno Wavre Nord,4.594454709,50.7223522
1417,Karno Wavre Nord,4.59449114,50.72243907
1418,Karno Wavre Nord,4.594527572,50.72252594
1419,Karno Wavre Nord,4.594564004,50.72261282
1420,Karno Wavre Nord,4.594600436,50.72269969
1421,Karno Wavre Nord,4.594636868,50.72278656
1422,Karno Wavre Nord,4.5946733,50.72287343
1423,Karno Wavre Nord,4.594709733,50.72296031
1424,Karno Wavre Nord,4.594746166,50.72304718
1425,Karno Wavre Nord,4.594782598,50.72313405
1426,Karno Wavre Nord,4.594819031,50.72322092
1427,Karno Wavre Nord,4.594855464,50.7233078
1428,Karno Wavre Nord,4.594891897,50.72339467
1429,Karno Wavre Nord,4.59492833,50.72348154
1430,Karno Wavre Nord,4.600138254,50.72278128
1431,Karno Wavre Nord,4.600242973,50.72272076
1432,Karno Wavre Nord,4.600344421,50.72270784
1433,Karno Wavre Nord,4.60044044,50.72277392
1434,Karno Wavre Nord,4.60053646,50.72284
1435,Karno Wavre Nord,4.60063248,50.72290608
1436,Karno Wavre Nord,4.6007285,50.72297216
1437,Karno Wavre Nord,4.600824521,50.72303824
1438,Karno Wavre Nord,4.600920542,50.72310432
1439,Karno Wavre Nord,4.601011206,50.72317173
1440,Karno Wavre Nord,4.60101165,50.72326163
1441,Karno Wavre Nord,4.601030976,50.72334759
1442,Karno Wavre Nord,4.601114633,50.72342012
1443,Karno Wavre Nord,4.60120493,50.72348765
1444,Karno Wavre Nord,4.601331799,50.7235276
1445,Karno Wavre Nord,4.601465298,50.72354947
1446,Karno Wavre Nord,4.60160692,50.72354919
1447,Karno Wavre Nord,4.601727755,50.72356353
1448,Karno Wavre Nord,4.601731466,50.72365318
1449,Karno Wavre Nord,4.601725802,50.72374301
1450,Karno Wavre Nord,4.601720139,50.72383284
1451,Karno Tournai Sud,3.402556231,50.59928654
1452,Karno Tournai Sud,3.402461178,50.59933819
1453,Karno Tournai Sud,3.402349015,50.59928354
1454,Karno Tournai Sud,3.402236854,50.5992289
1455,Karno Tournai Sud,3.402124692,50.59917426
1456,Karno Tournai Sud,3.402012531,50.59911961
1457,Karno Tournai Sud,3.40190037,50.59906497
1458,Karno Tournai Sud,3.401794087,50.5990448
1459,Karno Tournai Sud,3.401702955,50.59911348
1460,Karno Tournai Sud,3.401611822,50.59918217
1461,Karno Tournai Sud,3.401520689,50.59925086
1462,Karno Tournai Sud,3.401429556,50.59931954
1463,Karno Tournai Sud,3.401338422,50.59938823
1464,Karno Tournai Sud,3.401299713,50.59941766
1465,Karno Tournai Sud,3.401410585,50.59947337
1466,Karno Tournai Sud,3.401521457,50.59952907
1467,Karno Tournai Sud,3.401632329,50.59958477
1468,Karno Tournai Sud,3.401603107,50.59965449
1469,Karno Tournai Sud,3.401699258,50.59961635
1470,Karno Tournai Sud,3.402222265,50.59922203
1471,Karno Tournai Sud,3.401534222,50.59923933
1472,Karno Tournai Sud,3.401421363,50.59918527
1473,Karno Charleroi Ouest,4.450315278,50.41748305
1474,Karno Charleroi Ouest,4.450177588,50.41746453
1475,Karno Charleroi Ouest,4.450039898,50.41744601
1476,Karno Charleroi Ouest,4.449902207,50.41742749
1477,Karno Charleroi Ouest,4.449764517,50.41740897
1478,Karno Charleroi Ouest,4.449626827,50.41739045
1479,Karno Charleroi Ouest,4.449489137,50.41737192
1480,Karno Charleroi Ouest,4.449351447,50.4173534
1481,Karno Charleroi Ouest,4.449213758,50.41733488
1482,Karno Charleroi Ouest,4.449076068,50.41731636
1483,Karno Charleroi Ouest,4.448938378,50.41729784
1484,Karno Charleroi Ouest,4.448800689,50.41727931
1485,Karno Charleroi Ouest,4.448663,50.41726079
1486,Karno Charleroi Ouest,4.44852531,50.41724227
1487,Karno Charleroi Ouest,4.448387621,50.41722375
1488,Karno Charleroi Ouest,4.448249932,50.41720522
1489,Karno Charleroi Ouest,4.448112244,50.4171867
1490,Karno Charleroi Ouest,4.447974555,50.41716818
1491,Karno Charleroi Ouest,4.447836866,50.41714965
1492,Karno Charleroi Ouest,4.447699178,50.41713113
1493,Karno Charleroi Ouest,4.447561489,50.4171126
1494,Karno Charleroi Ouest,4.447423801,50.41709408
1495,Karno Charleroi Ouest,4.447286113,50.41707556
1496,Karno Charleroi Ouest,4.447148424,50.41705703
1497,Karno Charleroi Ouest,4.447037757,50.41701343
1498,Karno Charleroi Ouest,4.446961543,50.41693786
1499,Karno Charleroi Ouest,4.446885329,50.41686229
1500,Karno Charleroi Ouest,4.446809115,50.41678671
1501,Karno Charleroi Ouest,4.446732902,50.41671114
1502,Karno Charleroi Ouest,4.446656688,50.41663557
1503,Karno Charleroi Ouest,4.446580475,50.41655999
1504,Karno Charleroi Ouest,4.446504263,50.41648442
1505,Karno Charleroi Ouest,4.44642805,50.41640885
1506,Karno Charleroi Ouest,4.446351838,50.41633327
1507,Karno Charleroi Ouest,4.446275626,50.4162577
1508,Karno Charleroi Ouest,4.446199414,50.41618213
1509,Karno Charleroi Ouest,4.446123202,50.41610655
1510,Karno Charleroi Ouest,4.446046991,50.41603098
1511,Karno Charleroi Ouest,4.44597078,50.41595541
1512,Karno Charleroi Ouest,4.445894569,50.41587983
1513,Karno Charleroi Ouest,4.445818358,50.41580426
1514,Karno Charleroi Ouest,4.445742148,50.41572868
1515,Karno Charleroi Ouest,4.445665938,50.41565311
1516,Karno Charleroi Ouest,4.445589728,50.41557754
1517,Karno Charleroi Ouest,4.445513519,50.41550196
1518,Karno Charleroi Ouest,4.445437309,50.41542639
1519,Karno Charleroi Ouest,4.4453611,50.41535081
1520,Karno Charleroi Ouest,4.445284891,50.41527524
1521,Karno Charleroi Ouest,4.445208683,50.41519967
1522,Karno Charleroi Ouest,4.445132474,50.41512409
1523,Karno Charleroi Ouest,4.445056266,50.41504852
1524,Karno Charleroi Ouest,4.444980058,50.41497294
1525,Karno Charleroi Ouest,4.44490385,50.41489737
1526,Karno Charleroi Ouest,4.444827643,50.41482179
1527,Karno Charleroi Ouest,4.444751436,50.41474622
1528,Karno Charleroi Ouest,4.444675229,50.41467065
1529,Karno Charleroi Ouest,4.444599022,50.41459507
1530,Karno Charleroi Ouest,4.444522816,50.4145195
1531,Karno Charleroi Ouest,4.444446609,50.41444392
1532,Karno Charleroi Ouest,4.444370403,50.41436835
1533,Karno Charleroi Ouest,4.444294198,50.41429277
1534,Karno Charleroi Ouest,4.444217992,50.4142172
1535,Karno Charleroi Ouest,4.444141787,50.41414162
1536,Karno Charleroi Ouest,4.444065582,50.41406605
1537,Karno Charleroi Ouest,4.443989377,50.41399047
1538,Karno Charleroi Ouest,4.443913173,50.4139149
1539,Karno Charleroi Ouest,4.443836968,50.41383932
1540,Karno Charleroi Ouest,4.443760764,50.41376375
1541,Karno Charleroi Ouest,4.443684561,50.41368817
1542,Karno Charleroi Ouest,4.443608357,50.4136126
1543,Karno Charleroi Ouest,4.443532154,50.41353702
1544,Karno Charleroi Ouest,4.443455951,50.41346145
1545,Karno Charleroi Ouest,4.443379748,50.41338587
1546,Karno Charleroi Ouest,4.443303545,50.41331029
1547,Karno Charleroi Ouest,4.443227343,50.41323472
1548,Karno Charleroi Ouest,4.443151141,50.41315914
1549,Karno Charleroi Ouest,4.443074939,50.41308357
1550,Karno Charleroi Ouest,4.442998737,50.41300799
1551,Karno Charleroi Ouest,4.442922536,50.41293242
1552,Karno Charleroi Ouest,4.442846335,50.41285684
1553,Karno Charleroi Ouest,4.442770134,50.41278127
1554,Karno Charleroi Ouest,4.442693933,50.41270569
1555,Karno Charleroi Ouest,4.442617733,50.41263011
1556,Karno Charleroi Ouest,4.442541533,50.41255454
1557,Karno Charleroi Ouest,4.442465333,50.41247896
1558,Karno Charleroi Ouest,4.442389133,50.41240339
1559,Karno Charleroi Ouest,4.442312934,50.41232781
1560,Karno Charleroi Ouest,4.442236735,50.41225223
1561,Karno Charleroi Ouest,4.442160536,50.41217666
1562,Karno Charleroi Ouest,4.442084337,50.41210108
1563,Karno Charleroi Ouest,4.442008139,50.4120255
1564,Karno Charleroi Ouest,4.44193194,50.41194993
1565,Karno Charleroi Ouest,4.441855742,50.41187435
1566,Karno Charleroi Ouest,4.441779545,50.41179878
1567,Karno Charleroi Ouest,4.441703347,50.4117232
1568,Karno Charleroi Ouest,4.44162715,50.41164762
1569,Karno Charleroi Ouest,4.441550953,50.41157205
1570,Karno Charleroi Ouest,4.441474756,50.41149647
1571,Karno Charleroi Ouest,4.44139856,50.41142089
1572,Karno Charleroi Ouest,4.441322363,50.41134532
1573,Karno Charleroi Ouest,4.441246167,50.41126974
1574,Karno Charleroi Ouest,4.441169972,50.41119416
1575,Karno Charleroi Ouest,4.441093776,50.41111858
1576,Karno Charleroi Ouest,4.441017581,50.41104301
1577,Karno Charleroi Ouest,4.440941386,50.41096743
1578,Karno Charleroi Ouest,4.440865191,50.41089185
1579,Karno Charleroi Ouest,4.440788996,50.41081628
1580,Karno Charleroi Ouest,4.440712802,50.4107407
1581,Karno Charleroi Ouest,4.440614946,50.41071529
1582,Karno Charleroi Ouest,4.440488886,50.41075521
1583,Karno Charleroi Ouest,4.440362826,50.41079513
1584,Karno Charleroi Ouest,4.440236765,50.41083505
1585,Karno Charleroi Ouest,4.440110705,50.41087496
1586,Karno Charleroi Ouest,4.439984644,50.41091488
1587,Karno Charleroi Ouest,4.439858582,50.4109548
1588,Karno Charleroi Ouest,4.439732521,50.41099472
1589,Karno Charleroi Ouest,4.439606459,50.41103463
1590,Karno Charleroi Ouest,4.439480397,50.41107455
1591,Karno Charleroi Ouest,4.439354335,50.41111447
1592,Karno Charleroi Ouest,4.439228273,50.41115438
1593,Karno Charleroi Ouest,4.439102211,50.4111943
1594,Karno Charleroi Ouest,4.438976148,50.41123421
1595,Karno Charleroi Ouest,4.438850085,50.41127413
1596,Karno Charleroi Ouest,4.438724022,50.41131405
1597,Karno Charleroi Ouest,4.438597959,50.41135396
1598,Karno Charleroi Ouest,4.438471895,50.41139388
1599,Karno Charleroi Ouest,4.438345831,50.41143379
1600,Karno Charleroi Ouest,4.438219767,50.41147371
1601,Karno Charleroi Ouest,4.438093703,50.41151362
1602,Karno Charleroi Ouest,4.437967639,50.41155354
1603,Karno Charleroi Ouest,4.437841574,50.41159346
1604,Karno Charleroi Ouest,4.437715509,50.41163337
1605,Karno Charleroi Ouest,4.437589444,50.41167328
1606,Karno Charleroi Ouest,4.437463379,50.4117132
1607,Karno Charleroi Ouest,4.437337313,50.41175311
1608,Karno Charleroi Ouest,4.437211248,50.41179303
1609,Karno Charleroi Ouest,4.437085182,50.41183294
1610,Karno Charleroi Ouest,4.436959116,50.41187286
1611,Karno Charleroi Ouest,4.43683305,50.41191277
1612,Karno Charleroi Ouest,4.436706983,50.41195268
1613,Karno Charleroi Ouest,4.436580916,50.4119926
1614,Karno Charleroi Ouest,4.436486863,50.41198226
1615,Karno Charleroi Ouest,4.436440263,50.41189743
1616,Karno Charleroi Ouest,4.436393663,50.4118126
1617,Karno Charleroi Ouest,4.436347063,50.41172777
1618,Karno Charleroi Ouest,4.436300464,50.41164294
1619,Karno Charleroi Ouest,4.436253864,50.41155812
1620,Karno Charleroi Ouest,4.436207265,50.41147329
1621,Karno Charleroi Ouest,4.436160666,50.41138846
1622,Karno Charleroi Ouest,4.436114067,50.41130363
1623,Karno Charleroi Ouest,4.436067469,50.4112188
1624,Karno Charleroi Ouest,4.43602087,50.41113397
1625,Karno Charleroi Ouest,4.435910639,50.4110938
1626,Karno Charleroi Ouest,4.435774119,50.41107207
1627,Karno Charleroi Ouest,4.435637599,50.41105035
1628,Karno Charleroi Ouest,4.435501079,50.41102862
1629,Karno Charleroi Ouest,4.435364559,50.4110069
1630,Karno Charleroi Ouest,4.43522804,50.41098517
1631,Karno Charleroi Ouest,4.43509152,50.41096344
1632,Karno Charleroi Ouest,4.434955001,50.41094172
1633,Karno Charleroi Ouest,4.434818481,50.41091999
1634,Karno Charleroi Ouest,4.434681962,50.41089827
1635,Karno Charleroi Ouest,4.434545443,50.41087654
1636,Karno Charleroi Ouest,4.434408924,50.41085481
1637,Karno Charleroi Ouest,4.434272003,50.41084151
1638,Karno Charleroi Ouest,4.434133665,50.41085787
1639,Karno Charleroi Ouest,4.433995327,50.41087424
1640,Karno Charleroi Ouest,4.433856988,50.41089061
1641,Karno Charleroi Ouest,4.43371865,50.41090697
1642,Karno Charleroi Ouest,4.433580311,50.41092334
1643,Karno Charleroi Ouest,4.433441972,50.4109397
1644,Karno Charleroi Ouest,4.433303634,50.41095607
1645,Karno Charleroi Ouest,4.433165295,50.41097243
1646,Karno Charleroi Ouest,4.433026956,50.41098879
1647,Karno Charleroi Ouest,4.432888616,50.41100516
1648,Karno Charleroi Ouest,4.432750277,50.41102152
1649,Karno Charleroi Ouest,4.432611938,50.41103789
1650,Karno Charleroi Ouest,4.43247685,50.4110601
1651,Karno Charleroi Ouest,4.432353338,50.41110315
1652,Karno Charleroi Ouest,4.432229825,50.4111462
1653,Karno Charleroi Ouest,4.432106312,50.41118925
1654,Karno Charleroi Ouest,4.4319828,50.4112323
1655,Karno Charleroi Ouest,4.431859286,50.41127535
1656,Karno Charleroi Ouest,4.431735773,50.41131839
1657,Karno Charleroi Ouest,4.43161226,50.41136144
1658,Karno Charleroi Ouest,4.431488746,50.41140449
1659,Karno Charleroi Ouest,4.431365232,50.41144754
1660,Karno Charleroi Ouest,4.431241717,50.41149058
1661,Karno Charleroi Ouest,4.431118203,50.41153363
1662,Karno Charleroi Ouest,4.430994688,50.41157668
1663,Karno Charleroi Ouest,4.430871173,50.41161973
1664,Karno Charleroi Ouest,4.430747658,50.41166277
1665,Karno Charleroi Ouest,4.430623354,50.41170469
1666,Karno Charleroi Ouest,4.430490723,50.41173469
1667,Karno Charleroi Ouest,4.430358092,50.41176468
1668,Karno Charleroi Ouest,4.43022546,50.41179467
1669,Karno Charleroi Ouest,4.430092828,50.41182466
1670,Karno Charleroi Ouest,4.429960196,50.41185466
1671,Karno Charleroi Ouest,4.429827564,50.41188465
1672,Karno Charleroi Ouest,4.429694932,50.41191464
1673,Karno Charleroi Ouest,4.429562299,50.41194463
1674,Karno Charleroi Ouest,4.429429667,50.41197462
1675,Karno Charleroi Ouest,4.429297034,50.41200462
1676,Karno Charleroi Ouest,4.429164401,50.41203461
1677,Karno Charleroi Ouest,4.429031768,50.4120646
1678,Karno Charleroi Ouest,4.428899134,50.41209459
1679,Karno Charleroi Ouest,4.428766501,50.41212458
1680,Karno Charleroi Ouest,4.428633867,50.41215457
1681,Karno Charleroi Ouest,4.428532865,50.4120977
1682,Karno Charleroi Ouest,4.428434576,50.41203337
1683,Karno Charleroi Ouest,4.428336288,50.41196904
1684,Karno Charleroi Ouest,4.428238,50.41190472
1685,Karno Charleroi Ouest,4.428139712,50.41184039
1686,Karno Charleroi Ouest,4.428041424,50.41177606
1687,Karno Charleroi Ouest,4.427943137,50.41171174
1688,Karno Charleroi Ouest,4.42784485,50.41164741
1689,Karno Charleroi Ouest,4.427746563,50.41158308
1690,Karno Charleroi Ouest,4.427648277,50.41151875
1691,Karno Charleroi Ouest,4.427549991,50.41145443
1692,Karno Charleroi Ouest,4.427451705,50.4113901
1693,Karno Charleroi Ouest,4.427353419,50.41132577
1694,Karno Charleroi Ouest,4.427255134,50.41126144
1695,Karno Charleroi Ouest,4.427156849,50.41119712
1696,Karno Charleroi Ouest,4.427058564,50.41113279
1697,Karno Charleroi Ouest,4.426960279,50.41106846
1698,Karno Charleroi Ouest,4.426861995,50.41100413
1699,Karno Charleroi Ouest,4.426763711,50.41093981
1700,Karno Charleroi Ouest,4.426665427,50.41087548
1701,Karno Charleroi Ouest,4.426567143,50.41081115
1702,Karno Charleroi Ouest,4.42646886,50.41074682
1703,Karno Charleroi Ouest,4.426370577,50.41068249
1704,Karno Charleroi Ouest,4.426272294,50.41061817
1705,Karno Charleroi Ouest,4.426174012,50.41055384
1706,Karno Charleroi Ouest,4.42607573,50.41048951
1707,Karno Charleroi Ouest,4.425977448,50.41042518
1708,Karno Charleroi Ouest,4.425879166,50.41036085
1709,Karno Charleroi Ouest,4.425755898,50.41039887
1710,Karno Charleroi Ouest,4.425631624,50.41044101
1711,Karno Charleroi Ouest,4.425507349,50.41048315
1712,Karno Charleroi Ouest,4.425383073,50.41052529
1713,Karno Charleroi Ouest,4.425258798,50.41056743
1714,Karno Charleroi Ouest,4.425134522,50.41060957
1715,Karno Charleroi Ouest,4.425010246,50.41065171
1716,Karno Charleroi Ouest,4.42488597,50.41069385
1717,Karno Charleroi Ouest,4.424761694,50.41073599
1718,Karno Charleroi Ouest,4.424637417,50.41077813
1719,Karno Charleroi Ouest,4.42451314,50.41082027
1720,Karno Charleroi Ouest,4.424388863,50.41086241
1721,Karno Charleroi Ouest,4.424258309,50.41089413
1722,Karno Charleroi Ouest,4.424121891,50.41091611
1723,Karno Charleroi Ouest,4.423985472,50.4109381
1724,Karno Charleroi Ouest,4.423849053,50.41096008
1725,Karno Charleroi Ouest,4.423712634,50.41098206
1726,Karno Charleroi Ouest,4.423576215,50.41100404
1727,Karno Charleroi Ouest,4.423439796,50.41102602
1728,Karno Charleroi Ouest,4.423303377,50.41104801
1729,Karno Charleroi Ouest,4.423166957,50.41106999
1730,Karno Charleroi Ouest,4.423030537,50.41109197
1731,Karno Charleroi Ouest,4.422894118,50.41111395
1732,Karno Charleroi Ouest,4.422757698,50.41113593
1733,Karno Charleroi Ouest,4.422621278,50.41115791
1734,Karno Charleroi Ouest,4.422484858,50.41117989
1735,Karno Charleroi Ouest,4.422348438,50.41120187
1736,Karno Charleroi Ouest,4.422212017,50.41122385
1737,Karno Charleroi Ouest,4.422075597,50.41124583
1738,Karno Charleroi Ouest,4.421939176,50.41126781
1739,Karno Charleroi Ouest,4.421802755,50.41128979
1740,Karno Charleroi Ouest,4.421666335,50.41131177
1741,Karno Charleroi Ouest,4.421529914,50.41133375
1742,Karno Charleroi Ouest,4.421393492,50.41135573
1743,Karno Charleroi Ouest,4.421257071,50.41137771
1744,Karno Charleroi Ouest,4.42112065,50.41139969
1745,Karno Charleroi Ouest,4.420984228,50.41142167
1746,Karno Charleroi Ouest,4.420847807,50.41144365
1747,Karno Charleroi Ouest,4.420711385,50.41146563
1748,Karno Charleroi Ouest,4.420574963,50.41148761
1749,Karno Charleroi Ouest,4.420438541,50.41150959
1750,Karno Charleroi Ouest,4.420300425,50.41150803
1751,Karno Charleroi Ouest,4.420161422,50.41149414
1752,Karno Charleroi Ouest,4.420022419,50.41148026
1753,Karno Charleroi Ouest,4.419883416,50.41146638
1754,Karno Charleroi Ouest,4.419744413,50.41145249
1755,Karno Charleroi Ouest,4.41960541,50.41143861
1756,Karno Charleroi Ouest,4.419466407,50.41142472
1757,Karno Charleroi Ouest,4.419327405,50.41141084
1758,Karno Charleroi Ouest,4.419188402,50.41139695
1759,Karno Charleroi Ouest,4.4190494,50.41138307
1760,Karno Charleroi Ouest,4.418910397,50.41136918
1761,Karno Charleroi Ouest,4.418771395,50.4113553
1762,Karno Charleroi Ouest,4.418632393,50.41134141
1763,Karno Charleroi Ouest,4.418493391,50.41132753
1764,Karno Charleroi Ouest,4.418354388,50.41131364
1765,Karno Charleroi Ouest,4.418215386,50.41129975
1766,Karno Charleroi Ouest,4.418076385,50.41128587
1767,Karno Charleroi Ouest,4.417937383,50.41127198
1768,Karno Charleroi Ouest,4.417798381,50.41125809
1769,Karno Charleroi Ouest,4.417661538,50.41123731
1770,Karno Charleroi Ouest,4.417524875,50.41121596
1771,Karno Charleroi Ouest,4.417388214,50.4111946
1772,Karno Charleroi Ouest,4.417251552,50.41117324
1773,Karno Charleroi Ouest,4.41711489,50.41115188
1774,Karno Charleroi Ouest,4.416978228,50.41113052
1775,Karno Charleroi Ouest,4.416841567,50.41110916
1776,Karno Charleroi Ouest,4.416704906,50.4110878
1777,Karno Charleroi Ouest,4.4272342,50.41118384
1778,Karno Charleroi Ouest,4.427335536,50.41112147
1779,Karno Charleroi Ouest,4.427436872,50.41105911
1780,Karno Charleroi Ouest,4.427538207,50.41099675
1781,Karno Charleroi Ouest,4.427639543,50.41093438
1782,Karno Charleroi Ouest,4.427740878,50.41087202
1783,Karno Charleroi Ouest,4.438746781,50.41127366
1784,Karno Charleroi Ouest,4.438711614,50.41118661
1785,Karno Charleroi Ouest,4.438676447,50.41109956
1786,Karno Charleroi Ouest,4.43864128,50.41101251
1787,Karno Charleroi Ouest,4.438606113,50.41092546
1788,Karno Charleroi Ouest,4.438570946,50.41083841
1789,Karno Charleroi Ouest,4.438592241,50.41075849
1790,Karno Charleroi Ouest,4.440984232,50.41095601
1791,Karno Charleroi Ouest,4.441112253,50.41091873
1792,Karno Charleroi Ouest,4.443268808,50.41328533
1793,Karno Charleroi Ouest,4.443178581,50.41335432
1794,Karno Charleroi Ouest,4.443087913,50.41342201
1795,Karno Charleroi Ouest,4.442960817,50.41338345
1796,Karno Charleroi Ouest,4.442833721,50.41334489
1797,Karno Charleroi Ouest,4.442706625,50.41330633
1798,Karno Charleroi Ouest,4.44257953,50.41326776
1799,Karno Charleroi Ouest,4.442452435,50.4132292
1800,Karno Charleroi Ouest,4.44232534,50.41319064
1801,Karno Charleroi Ouest,4.442198245,50.41315207
1802,Karno Charleroi Ouest,4.442071151,50.41311351
1803,Karno Charleroi Ouest,4.441955216,50.41309738
1804,Karno Charleroi Ouest,4.441886274,50.41317575
1805,Karno Charleroi Ouest,4.441817331,50.41325412
1806,Karno Charleroi Ouest,4.441748388,50.41333249
1807,Karno Charleroi Ouest,4.441679445,50.41341086
1808,Karno Charleroi Ouest,4.441610501,50.41348923
1809,Karno Charleroi Ouest,4.441523977,50.41355648
1810,Karno Charleroi Ouest,4.441401979,50.41360126
1811,Karno Charleroi Ouest,4.441279981,50.41364604
1812,Karno Charleroi Ouest,4.441157983,50.41369083
1813,Karno Charleroi Ouest,4.441035984,50.41373561
1814,Karno Charleroi Ouest,4.440913986,50.4137804
1815,Karno Charleroi Ouest,4.440791987,50.41382518
1816,Karno Charleroi Ouest,4.440669988,50.41386997
1817,Karno Charleroi Ouest,4.443335563,50.41327306
1818,Karno Charleroi Ouest,4.443393141,50.41319103
1819,Karno Charleroi Ouest,4.443450719,50.413109
1820,Karno Charleroi Ouest,4.443508297,50.41302697
1821,Karno Charleroi Ouest,4.443565875,50.41294494
1822,Karno Charleroi Ouest,4.443623452,50.41286291
1823,Karno Charleroi Ouest,4.44368103,50.41278088
1824,Karno Charleroi Ouest,4.443738607,50.41269885
1825,Karno Charleroi Ouest,4.443796184,50.41261682
1826,Karno Charleroi Ouest,4.44385376,50.41253479
1827,Karno Charleroi Ouest,4.443911337,50.41245276
1828,Karno Charleroi Ouest,4.443968913,50.41237072
1829,Karno Charleroi Ouest,4.444026489,50.41228869
1830,Karno Charleroi Ouest,4.444084065,50.41220666
1831,Karno Charleroi Ouest,4.444141641,50.41212463
1832,Karno Charleroi Ouest,4.444199216,50.4120426
1833,Karno Charleroi Ouest,4.444256792,50.41196057
1834,Karno Charleroi Ouest,4.444323538,50.41188663
1835,Karno Charleroi Ouest,4.444463463,50.41187726
1836,Karno Charleroi Ouest,4.444603389,50.41186789
1837,Karno Charleroi Ouest,4.444743314,50.41185852
1838,Karno Charleroi Ouest,4.44488324,50.41184914
1839,Karno Charleroi Ouest,4.444973317,50.41178852
1840,Karno Charleroi Ouest,4.445048414,50.4117125
